Course Code,Course Title,Credit Hrs,Lecturer Name,Room Name,Day,Time
CMME 115,Introduction to Communication Skills [Sec A],NC,A. Oye,Bulley Room 3,Thu,10:00 AM - 12:30 PM
CMME 115,Introduction to Communication Skills [Sec A],NC,A. Oye,Baobab RM3,Thu,7:00 AM - 9:30 AM
CMME 115,Introduction to Communication Skills [Sec A],NC,A. Oye,Baobab RM3,Mon,2:00 PM - 4:30 PM
PSYC 105,Introduction to Psychology [Sec B],NC,Akua K. Amponsah,Bulley Room 3,Thu,2:00 PM - 4:30 PM
PSYC 105,Introduction to Psychology [Sec B],NC,Akua K. Amponsah,Baobab RM5,Thu,7:00 AM - 9:30 AM
GNED 468,Job Search Strategies and Techniques [Sec A],NC,Ama O. Karikari,Baobab RM5,Fri,10:00 AM - 12:30 PM
GNED 468,Job Search Strategies and Techniques [Sec A],NC,Ama O. Karikari,Bulley Room 2,Tue,7:00 AM - 9:30 AM
GNED 230,Career Exploration and Planning [Sec A],NC,Ama O. Karikari,Bulley Room 1,Mon,7:00 AM - 9:30 AM
GNED 230,Career Exploration and Planning [Sec A],NC,Ama O. Karikari,B. Ball Court,Wed,10:00 AM - 12:30 PM
GNED 125,Study Skills [Sec B],NC,Ama O. Karikari,Bulley Room 1,Thu,10:00 AM - 12:30 PM
GNED 125,Study Skills [Sec B],NC,Ama O. Karikari,Bulley Room 2,Wed,2:00 PM - 4:30 PM
ENGL 112,Language and Writing Skills II [Sec B],NC,C. Pokuaa,Bulley Room 2,Fri,10:00 AM - 12:30 PM
ENGL 112,Language and Writing Skills II [Sec B],NC,C. Pokuaa,American High,Wed,2:00 PM - 4:30 PM
ENGL 112,Language and Writing Skills II [Sec B],NC,C. Pokuaa,Bulley Room 2,Wed,7:00 AM - 9:30 AM
SOCI 115,Principles of Sociology [Sec A],NC,Dr. D. Dovie,Baobab RM3,Fri,7:00 AM - 9:30 AM
RELB 163,Life and Teachings of Jesus [Sec A],NC,Dr. F. Tenortey,Boabab RM5,Mon,7:00 AM - 9:30 AM
RELB 163,Life and Teachings of Jesus [Sec A],NC,Dr. F. Tenortey,Baobab RM1,Wed,7:00 AM - 9:30 AM
RELT 385,Introduction to Biblical Foundation of Ethics [Sec A],NC,Dr. J. Andor,Bulley Room 4,Mon,2:00 PM - 4:30 PM
ENGL 111,Language and Writing Skills I [Sec A],NC,Dr. S. Adjei-Mensah,Baobab RM3,Wed,7:00 AM - 9:30 AM
ENGL 111,Language and Writing Skills I [Sec A],NC,Dr. S. Adjei-Mensah,Bulley Room 3,Tue,10:00 AM - 12:30 PM
ENGL 111,Language and Writing Skills I [Sec A],NC,Dr. S. Adjei-Mensah,Bulley Room 5,Wed,2:00 PM - 4:30 PM
RELG 451,Bible and Family Dynamics [Sec A],NC,Dr. S. Amoh,Baobab RM1,Thu,10:00 AM - 12:30 PM
RELG 451,Bible and Family Dynamics [Sec A],NC,Dr. S. Amoh,American High,Tue,7:00 AM - 9:30 AM
AFST 205,Introduction to African Music [Sec A],NC,E. Boahen,Bulley Room 5,Wed,10:00 AM - 12:30 PM
AFST 205,Introduction to African Music [Sec A],NC,E. Boahen,Baobab RM3,Wed,2:00 PM - 4:30 PM
AFST 243,Chieftaincy and Development [Sec B],NC,F. Opoku,Bulley Room 5,Mon,7:00 AM - 9:30 AM
AFST 243,Chieftaincy and Development [Sec B],NC,F. Opoku,American High,Mon,2:00 PM - 4:30 PM
FREN 121,French for General Communication I [Sec A],NC,J. Elorm Doufodji,Baobab RM5,Tue,7:00 AM - 9:30 AM
FREN 121,French for General Communication I [Sec A],NC,J. Elorm Doufodji,Bulley Room 1,Mon,2:00 PM - 4:30 PM
FREN 122,French for General Communication II [Sec A],NC,J. Rhule,Baobab RM1,Mon,10:00 AM - 12:30 PM
FREN 122,French for General Communication II [Sec A],NC,J. Rhule,American High,Wed,10:00 AM - 12:30 PM
PEAC 100,Physical Activity [Sec A],NC,K. Oheneba Nti,Baobab RM3,Wed,10:00 AM - 12:30 PM
HLTH 200,Health Principles [Sec A],NC,K. Oheneba Nti,American High,Tue,10:00 AM - 12:30 PM
HLTH 200,Health Principles [Sec A],NC,K. Oheneba Nti,Baobab RM5,Mon,7:00 AM - 9:30 AM
MATH 121,College Algebra [Sec A],NC,O. Osei-Tutu,American High,Thu,2:00 PM - 4:30 PM
RELB 250,Principles of Christian Faith [Sec B],NC,Ps. E. H. Takyi,Bulley Room 4,Wed,10:00 AM - 12:30 PM
RELB 250,Principles of Christian Faith [Sec B],NC,Ps. E. Osei,Bulley Room 5,Tue,7:00 AM - 9:30 AM
RELT 385,Introduction to Biblical Foundation of Ethics [Sec A],NC,Ps. S. Appiah,Boabab RM5,Tue,7:00 AM - 9:30 AM
CMME 115,Introduction to Communication Skills [Sec A],NC,A. Oye,B. Ball Court,Wed,7:00 AM - 9:30 AM
CMME 115,Introduction to Communication Skills [Sec A],NC,A. Oye,Bulley Room 3,Wed,2:00 PM - 4:30 PM
CMME 115,Introduction to Communication Skills [Sec A],NC,A. Oye,B. Ball Court,Mon,2:00 PM - 4:30 PM
PSYC 105,Introduction to Psychology [Sec B],NC,Akua K. Amponsah,Boabab RM5,Thu,2:00 PM - 4:30 PM
PSYC 105,Introduction to Psychology [Sec B],NC,Akua K. Amponsah,American High,Thu,10:00 AM - 12:30 PM
GNED 468,Job Search Strategies and Techniques [Sec A],NC,Ama O. Karikari,Baobab RM1,Mon,10:00 AM - 12:30 PM
GNED 468,Job Search Strategies and Techniques [Sec A],NC,Ama O. Karikari,Bulley Room 4,Thu,2:00 PM - 4:30 PM
GNED 230,Career Exploration and Planning [Sec A],NC,Ama O. Karikari,American High,Wed,10:00 AM - 12:30 PM
GNED 230,Career Exploration and Planning [Sec A],NC,Ama O. Karikari,Bulley Room 1,Tue,7:00 AM - 9:30 AM
GNED 125,Study Skills [Sec B],NC,Ama O. Karikari,Baobab RM1,Tue,2:00 PM - 4:30 PM
GNED 125,Study Skills [Sec B],NC,Ama O. Karikari,Bulley Room 5,Mon,7:00 AM - 9:30 AM
ENGL 112,Language and Writing Skills II [Sec B],NC,C. Pokuaa,Bulley Room 5,Tue,10:00 AM - 12:30 PM
ENGL 112,Language and Writing Skills II [Sec B],NC,C. Pokuaa,Baobab RM3,Thu,7:00 AM - 9:30 AM
ENGL 112,Language and Writing Skills II [Sec B],NC,C. Pokuaa,Baobab RM1,Thu,2:00 PM - 4:30 PM
SOCI 115,Principles of Sociology [Sec A],NC,Dr. D. Dovie,Baobab RM3,Fri,7:00 AM - 9:30 AM
RELB 163,Life and Teachings of Jesus [Sec A],NC,Dr. F. Tenortey,Baobab RM5,Wed,10:00 AM - 12:30 PM
RELB 163,Life and Teachings of Jesus [Sec A],NC,Dr. F. Tenortey,Bulley Room 2,Mon,7:00 AM - 9:30 AM
RELT 385,Introduction to Biblical Foundation of Ethics [Sec A],NC,Dr. J. Andor,Baobab RM5,Mon,10:00 AM - 12:30 PM
ENGL 111,Language and Writing Skills I [Sec A],NC,Dr. S. Adjei-Mensah,Bulley Room 1,Wed,10:00 AM - 12:30 PM
ENGL 111,Language and Writing Skills I [Sec A],NC,Dr. S. Adjei-Mensah,Bulley Room 2,Tue,2:00 PM - 4:30 PM
ENGL 111,Language and Writing Skills I [Sec A],NC,Dr. S. Adjei-Mensah,Boabab RM5,Wed,2:00 PM - 4:30 PM
RELG 451,Bible and Family Dynamics [Sec A],NC,Dr. S. Amoh,Bulley Room 1,Thu,7:00 AM - 9:30 AM
RELG 451,Bible and Family Dynamics [Sec A],NC,Dr. S. Amoh,Bulley Room 2,Tue,7:00 AM - 9:30 AM
AFST 205,Introduction to African Music [Sec A],NC,E. Boahen,Baobab RM1,Wed,7:00 AM - 9:30 AM
AFST 205,Introduction to African Music [Sec A],NC,E. Boahen,Boabab RM5,Wed,10:00 AM - 12:30 PM
AFST 243,Chieftaincy and Development [Sec B],NC,F. Opoku,American High,Mon,7:00 AM - 9:30 AM
AFST 243,Chieftaincy and Development [Sec B],NC,F. Opoku,American High,Wed,7:00 AM - 9:30 AM
FREN 121,French for General Communication I [Sec A],NC,J. Elorm Doufodji,Bulley Room 4,Thu,10:00 AM - 12:30 PM
FREN 121,French for General Communication I [Sec A],NC,J. Elorm Doufodji,Bulley Room 5,Thu,7:00 AM - 9:30 AM
FREN 122,French for General Communication II [Sec A],NC,J. Rhule,Bulley Room 5,Mon,2:00 PM - 4:30 PM
FREN 122,French for General Communication II [Sec A],NC,J. Rhule,Boabab RM5,Wed,7:00 AM - 9:30 AM
PEAC 100,Physical Activity [Sec A],NC,K. Oheneba Nti,Bulley Room 1,Tue,2:00 PM - 4:30 PM
HLTH 200,Health Principles [Sec A],NC,K. Oheneba Nti,Baobab RM3,Wed,10:00 AM - 12:30 PM
HLTH 200,Health Principles [Sec A],NC,K. Oheneba Nti,Bulley Room 4,Tue,10:00 AM - 12:30 PM
MATH 121,College Algebra [Sec A],NC,O. Osei-Tutu,Baobab RM1,Thu,7:00 AM - 9:30 AM
RELB 250,Principles of Christian Faith [Sec B],NC,Ps. E. H. Takyi,Bulley Room 2,Wed,2:00 PM - 4:30 PM
RELB 250,Principles of Christian Faith [Sec B],NC,Ps. E. Osei,Bulley Room 1,Tue,10:00 AM - 12:30 PM
RELT 385,Introduction to Biblical Foundation of Ethics [Sec A],NC,Ps. S. Appiah,American High,Tue,7:00 AM - 9:30 AM
INFT 420,Human Computer Interaction,NC,D. Martin,CS Lab,Wed,2:00 PM - 4:30 PM
COSC 211 / INFT 211,Computer Organization / Computer Organization and Architecture,NC,D. Martin,CS2,Wed,10:00 AM - 12:30 PM
INFT 142,Critical Thinking and Practical Reasoning,NC,D. Martin,CS1,Mon,10:00 AM - 12:30 PM
COSC 331,Computer Graphics I,NC,Dr. P. Y. O. Amoako,CS Lab,Wed,7:00 AM - 9:30 AM
INFT 425,Mobile Application Development,NC,Dr. P. Y. O. Amoako,CS1,Fri,10:00 AM - 12:30 PM
COSC 455,"Artificial Intelligence and Machine Learning [CS] / Artificial Intelligence and Machine Learning [IT, BEIT]",NC,Dr. P. Y. O. Amoako,CS1,Wed,2:00 PM - 4:30 PM
COSC 255,Operating Systems,NC,Dr. P. Y. O. Amoako,CS3,Wed,10:00 AM - 12:30 PM
INFT 346 / COSC 447,Software Development Life Cycle / Software Engineering,NC,J. Abandoh-Sam,CS1,Tue,7:00 AM - 9:30 AM
INFT 439 / COSC 429,Cloud Computing Systems,NC,J. Abandoh-Sam,CS1,Thu,10:00 AM - 12:30 PM
MATH 171,Introductory Mathematics for Computer Science,NC,Prof. W. Oblitey,CS1,Tue,2:00 PM - 4:30 PM
COSC 260,Structured Systems Analysis and Design,NC,J. Abandoh-Sam,CS2,Thu,7:00 AM - 9:30 AM
COSC 352 / INFT 452,Computer Security / Enterprise Information Security,NC,J. Abandoh-Sam,Business Lab,Thu,2:00 PM - 4:30 PM
MATH 141,Algebra,NC,Prof. W. Oblitey,CS2,Tue,10:00 AM - 12:30 PM
COSC 271,Data Communication & Computer Network I,NC,E. Okoe,CS2,Tue,7:00 AM - 9:30 AM
COSC 466,Systems and Network Administration,NC,M. Asare Tetteh,CS2,Mon,7:00 AM - 9:30 AM
INFT 245 / COSC 245 / BBIS 245 / INFT 445,Entrepreneurship and Human Development / / COSC 445 Entrepreneurship and Human Development / Entrpreneurship and Human Development / IT Entrepreneurship,NC,W. Ronky Amber-Doh,CS2,Thu,2:00 PM - 4:30 PM
INFT 119,Information Technology Foundation,NC,E. Okoe,CS3,Wed,2:00 PM - 4:30 PM
COSC 470 / INFT 470,Computer and Cyber Forensics,NC,M. Asare Tetteh,CS3,Mon,2:00 PM - 4:30 PM
COSC 113 / CSCD 113,"Elements of Progamming [CS, BMET] / Elements of Programming [CS]",NC,R. Amponsah,CS3,Tue,7:00 AM - 9:30 AM
CMME 115,Introduction to Communication Skills [Sec A],NC,A. Oye,Bulley Room 4,Wed,2:00 PM - 4:30 PM
CMME 115,Introduction to Communication Skills [Sec A],NC,A. Oye,Bulley Room 3,Thu,7:00 AM - 9:30 AM
CMME 115,Introduction to Communication Skills [Sec A],NC,A. Oye,American High,Thu,10:00 AM - 12:30 PM
PSYC 105,Introduction to Psychology [Sec B],NC,Akua K. Amponsah,Bulley Room 2,Thu,7:00 AM - 9:30 AM
PSYC 105,Introduction to Psychology [Sec B],NC,Akua K. Amponsah,Bulley Room 1,Thu,2:00 PM - 4:30 PM
GNED 468,Job Search Strategies and Techniques [Sec A],NC,Ama O. Karikari,Bulley Room 2,Wed,7:00 AM - 9:30 AM
GNED 468,Job Search Strategies and Techniques [Sec A],NC,Ama O. Karikari,Bulley Room 3,Wed,2:00 PM - 4:30 PM
GNED 230,Career Exploration and Planning [Sec A],NC,Ama O. Karikari,American High,Mon,7:00 AM - 9:30 AM
GNED 230,Career Exploration and Planning [Sec A],NC,Ama O. Karikari,Bulley Room 5,Thu,10:00 AM - 12:30 PM
GNED 125,Study Skills [Sec B],NC,Ama O. Karikari,Bulley Room 2,Mon,10:00 AM - 12:30 PM
GNED 125,Study Skills [Sec B],NC,Ama O. Karikari,American High,Thu,7:00 AM - 9:30 AM
ENGL 112,Language and Writing Skills II [Sec B],NC,C. Pokuaa,B. Ball Court,Mon,7:00 AM - 9:30 AM
ENGL 112,Language and Writing Skills II [Sec B],NC,C. Pokuaa,Bulley Room 5,Mon,10:00 AM - 12:30 PM
ENGL 112,Language and Writing Skills II [Sec B],NC,C. Pokuaa,Boabab RM5,Fri,7:00 AM - 9:30 AM
SOCI 115,Principles of Sociology [Sec A],NC,Dr. D. Dovie,Bulley Room 1,Fri,7:00 AM - 9:30 AM
RELB 163,Life and Teachings of Jesus [Sec A],NC,Dr. F. Tenortey,Boabab RM5,Wed,7:00 AM - 9:30 AM
RELB 163,Life and Teachings of Jesus [Sec A],NC,Dr. F. Tenortey,Baobab RM3,Mon,7:00 AM - 9:30 AM
RELT 385,Introduction to Biblical Foundation of Ethics [Sec A],NC,Dr. J. Andor,Bulley Room 1,Mon,10:00 AM - 12:30 PM
ENGL 111,Language and Writing Skills I [Sec A],NC,Dr. S. Adjei-Mensah,B. Ball Court,Wed,2:00 PM - 4:30 PM
ENGL 111,Language and Writing Skills I [Sec A],NC,Dr. S. Adjei-Mensah,Baobab RM1,Wed,7:00 AM - 9:30 AM
ENGL 111,Language and Writing Skills I [Sec A],NC,Dr. S. Adjei-Mensah,Bulley Room 4,Wed,10:00 AM - 12:30 PM
RELG 451,Bible and Family Dynamics [Sec A],NC,Dr. S. Amoh,Baobab RM3,Tue,7:00 AM - 9:30 AM
RELG 451,Bible and Family Dynamics [Sec A],NC,Dr. S. Amoh,B. Ball Court,Tue,2:00 PM - 4:30 PM
AFST 205,Introduction to African Music [Sec A],NC,E. Boahen,Bulley Room 2,Wed,10:00 AM - 12:30 PM
AFST 205,Introduction to African Music [Sec A],NC,E. Boahen,Baobab RM5,Fri,10:00 AM - 12:30 PM
AFST 243,Chieftaincy and Development [Sec B],NC,F. Opoku,Bulley Room 4,Mon,2:00 PM - 4:30 PM
AFST 243,Chieftaincy and Development [Sec B],NC,F. Opoku,Baobab RM1,Mon,7:00 AM - 9:30 AM
FREN 121,French for General Communication I [Sec A],NC,J. Elorm Doufodji,Bulley Room 3,Thu,10:00 AM - 12:30 PM
FREN 121,French for General Communication I [Sec A],NC,J. Elorm Doufodji,Baobab RM3,Mon,10:00 AM - 12:30 PM
FREN 122,French for General Communication II [Sec A],NC,J. Rhule,B. Ball Court,Mon,2:00 PM - 4:30 PM
FREN 122,French for General Communication II [Sec A],NC,J. Rhule,Baobab RM1,Wed,2:00 PM - 4:30 PM
PEAC 100,Physical Activity [Sec A],NC,K. Oheneba Nti,Bulley Room 2,Mon,7:00 AM - 9:30 AM
HLTH 200,Health Principles [Sec A],NC,K. Oheneba Nti,Baobab RM1,Mon,2:00 PM - 4:30 PM
HLTH 200,Health Principles [Sec A],NC,K. Oheneba Nti,American High,Tue,2:00 PM - 4:30 PM
MATH 121,College Algebra [Sec A],NC,O. Osei-Tutu,Baobab RM3,Thu,10:00 AM - 12:30 PM
RELB 250,Principles of Christian Faith [Sec B],NC,Ps. E. H. Takyi,Bulley Room 3,Wed,7:00 AM - 9:30 AM
RELB 250,Principles of Christian Faith [Sec B],NC,Ps. E. Osei,Bulley Room 3,Tue,10:00 AM - 12:30 PM
RELT 385,Introduction to Biblical Foundation of Ethics [Sec A],NC,Ps. S. Appiah,Baobab RM1,Tue,7:00 AM - 9:30 AM
CMME 115,Introduction to Communication Skills [Sec A],NC,A. Oye,Baobab RM3,Wed,10:00 AM - 12:30 PM
CMME 115,Introduction to Communication Skills [Sec C],NC,A. Oye,Bulley Room 4,Thu,10:00 AM - 12:30 PM
CMME 115,Introduction to Communication Skills [Sec B],NC,A. Oye,Bulley Room 3,Wed,7:00 AM - 9:30 AM
PSYC 105,Introduction to Psychology [Sec B],NC,Akua K. Amponsah,American High,Thu,7:00 AM - 9:30 AM
PSYC 105,Introduction to Psychology [Sec A],NC,Akua K. Amponsah,Bulley Room 3,Thu,2:00 PM - 4:30 PM
GNED 468,Job Search Strategies and Techniques [Sec A],NC,Ama O. Karikari,American High,Tue,10:00 AM - 12:30 PM
GNED 468,Job Search Strategies and Techniques [Sec B],NC,Ama O. Karikari,Boabab RM5,Tue,7:00 AM - 9:30 AM
GNED 230,Career Exploration and Planning [Sec A],NC,Ama O. Karikari,Bulley Room 4,Mon,7:00 AM - 9:30 AM
GNED 230,Career Exploration and Planning [Sec B],NC,Ama O. Karikari,Bulley Room 1,Mon,2:00 PM - 4:30 PM
GNED 125,Study Skills [Sec B],NC,Ama O. Karikari,Bulley Room 1,Thu,10:00 AM - 12:30 PM
GNED 125,Study Skills [Sec A],NC,Ama O. Karikari,American High,Wed,7:00 AM - 9:30 AM
ENGL 112,Language and Writing Skills II [Sec B],NC,C. Pokuaa,Bulley Room 3,Fri,10:00 AM - 12:30 PM
ENGL 112,Language and Writing Skills II [Sec A],NC,C. Pokuaa,B. Ball Court,Mon,2:00 PM - 4:30 PM
ENGL 112,Language and Writing Skills II [Sec C],NC,C. Pokuaa,Bulley Room 1,Thu,2:00 PM - 4:30 PM
SOCI 115,Principles of Sociology [Sec A],NC,Dr. D. Dovie,Bulley Room 5,Fri,10:00 AM - 12:30 PM
RELB 163,Life and Teachings of Jesus [Sec A],NC,Dr. F. Tenortey,Bulley Room 1,Mon,10:00 AM - 12:30 PM
RELB 163,Life and Teachings of Jesus [Sec B],NC,Dr. F. Tenortey,Bulley Room 2,Wed,7:00 AM - 9:30 AM
RELT 385,Introduction to Biblical Foundation of Ethics [Sec A],NC,Dr. J. Andor,Baobab RM5,Mon,2:00 PM - 4:30 PM
ENGL 111,Language and Writing Skills I [Sec A],NC,Dr. S. Adjei-Mensah,Baobab RM5,Tue,7:00 AM - 9:30 AM
ENGL 111,Language and Writing Skills I [Sec C],NC,Dr. S. Adjei-Mensah,Bulley Room 1,Tue,10:00 AM - 12:30 PM
ENGL 111,Language and Writing Skills I [Sec B],NC,Dr. S. Adjei-Mensah,Bulley Room 5,Wed,7:00 AM - 9:30 AM
RELG 451,Bible and Family Dynamics [Sec A],NC,Dr. S. Amoh,Baobab RM3,Thu,10:00 AM - 12:30 PM
RELG 451,Bible and Family Dynamics [Sec B],NC,Dr. S. Amoh,Bulley Room 4,Thu,2:00 PM - 4:30 PM
AFST 205,Introduction to African Music [Sec A],NC,E. Boahen,Baobab RM3,Wed,7:00 AM - 9:30 AM
AFST 205,Introduction to African Music [Sec B],NC,E. Boahen,Bulley Room 1,Fri,7:00 AM - 9:30 AM
AFST 243,Chieftaincy and Development [Sec B],NC,F. Opoku,Bulley Room 5,Mon,2:00 PM - 4:30 PM
AFST 243,Chieftaincy and Development [Sec A],NC,F. Opoku,Baobab RM5,Wed,7:00 AM - 9:30 AM
FREN 121,French for General Communication I [Sec A],NC,J. Elorm Doufodji,Bulley Room 3,Tue,2:00 PM - 4:30 PM
FREN 121,French for General Communication I [Sec B],NC,J. Elorm Doufodji,Bulley Room 4,Tue,7:00 AM - 9:30 AM
FREN 122,French for General Communication II [Sec A],NC,J. Rhule,Baobab RM3,Mon,7:00 AM - 9:30 AM
FREN 122,French for General Communication II [Sec B],NC,J. Rhule,Bulley Room 1,Wed,10:00 AM - 12:30 PM
PEAC 100,Physical Activity [Sec A],NC,K. Oheneba Nti,Baobab RM1,Fri,10:00 AM - 12:30 PM
HLTH 200,Health Principles [Sec A],NC,K. Oheneba Nti,Baobab RM1,Mon,7:00 AM - 9:30 AM
HLTH 200,Health Principles [Sec B],NC,K. Oheneba Nti,Bulley Room 1,Wed,7:00 AM - 9:30 AM
MATH 121,College Algebra [Sec A],NC,O. Osei-Tutu,Boabab RM5,Thu,2:00 PM - 4:30 PM
RELB 250,Principles of Christian Faith [Sec B],NC,Ps. E. H. Takyi,Baobab RM3,Wed,2:00 PM - 4:30 PM
RELB 250,Principles of Christian Faith [Sec A],NC,Ps. E. Osei,Baobab RM1,Tue,2:00 PM - 4:30 PM
RELT 385,Introduction to Biblical Foundation of Ethics [Sec B],NC,Ps. S. Appiah,B. Ball Court,Tue,7:00 AM - 9:30 AM
CMME 115,Introduction to Communication Skills [Sec A],NC,A. Oye,B. Ball Court,Wed,7:00 AM - 9:30 AM
CMME 115,Introduction to Communication Skills [Sec C],NC,A. Oye,Bulley Room 4,Mon,7:00 AM - 9:30 AM
CMME 115,Introduction to Communication Skills [Sec B],NC,A. Oye,Bulley Room 1,Mon,2:00 PM - 4:30 PM
PSYC 105,Introduction to Psychology [Sec B],NC,Akua K. Amponsah,Baobab RM5,Thu,2:00 PM - 4:30 PM
PSYC 105,Introduction to Psychology [Sec A],NC,Akua K. Amponsah,Baobab RM5,Thu,7:00 AM - 9:30 AM
GNED 468,Job Search Strategies and Techniques [Sec A],NC,Ama O. Karikari,Bulley Room 5,Mon,10:00 AM - 12:30 PM
GNED 468,Job Search Strategies and Techniques [Sec B],NC,Ama O. Karikari,Bulley Room 3,Tue,2:00 PM - 4:30 PM
GNED 230,Career Exploration and Planning [Sec A],NC,Ama O. Karikari,Boabab RM5,Thu,2:00 PM - 4:30 PM
GNED 230,Career Exploration and Planning [Sec B],NC,Ama O. Karikari,Baobab RM3,Wed,2:00 PM - 4:30 PM
GNED 125,Study Skills [Sec B],NC,Ama O. Karikari,Baobab RM3,Tue,10:00 AM - 12:30 PM
GNED 125,Study Skills [Sec A],NC,Ama O. Karikari,Boabab RM5,Mon,7:00 AM - 9:30 AM
ENGL 112,Language and Writing Skills II [Sec B],NC,C. Pokuaa,Baobab RM1,Mon,7:00 AM - 9:30 AM
ENGL 112,Language and Writing Skills II [Sec A],NC,C. Pokuaa,Bulley Room 3,Thu,7:00 AM - 9:30 AM
ENGL 112,Language and Writing Skills II [Sec C],NC,C. Pokuaa,B. Ball Court,Fri,10:00 AM - 12:30 PM
SOCI 115,Principles of Sociology [Sec A],NC,Dr. D. Dovie,Bulley Room 4,Fri,7:00 AM - 9:30 AM
RELB 163,Life and Teachings of Jesus [Sec A],NC,Dr. F. Tenortey,Baobab RM3,Wed,10:00 AM - 12:30 PM
RELB 163,Life and Teachings of Jesus [Sec B],NC,Dr. F. Tenortey,Bulley Room 4,Mon,2:00 PM - 4:30 PM
RELT 385,Introduction to Biblical Foundation of Ethics [Sec A],NC,Dr. J. Andor,Baobab RM1,Mon,2:00 PM - 4:30 PM
ENGL 111,Language and Writing Skills I [Sec A],NC,Dr. S. Adjei-Mensah,American High,Wed,2:00 PM - 4:30 PM
ENGL 111,Language and Writing Skills I [Sec C],NC,Dr. S. Adjei-Mensah,Boabab RM5,Wed,10:00 AM - 12:30 PM
ENGL 111,Language and Writing Skills I [Sec B],NC,Dr. S. Adjei-Mensah,Bulley Room 2,Tue,2:00 PM - 4:30 PM
RELG 451,Bible and Family Dynamics [Sec A],NC,Dr. S. Amoh,Baobab RM3,Thu,10:00 AM - 12:30 PM
RELG 451,Bible and Family Dynamics [Sec B],NC,Dr. S. Amoh,B. Ball Court,Thu,2:00 PM - 4:30 PM
AFST 205,Introduction to African Music [Sec A],NC,E. Boahen,Bulley Room 3,Fri,10:00 AM - 12:30 PM
AFST 205,Introduction to African Music [Sec B],NC,E. Boahen,Bulley Room 3,Fri,7:00 AM - 9:30 AM
AFST 243,Chieftaincy and Development [Sec B],NC,F. Opoku,Bulley Room 3,Mon,10:00 AM - 12:30 PM
AFST 243,Chieftaincy and Development [Sec A],NC,F. Opoku,Bulley Room 2,Wed,10:00 AM - 12:30 PM
FREN 121,French for General Communication I [Sec A],NC,J. Elorm Doufodji,Bulley Room 4,Thu,2:00 PM - 4:30 PM
FREN 121,French for General Communication I [Sec B],NC,J. Elorm Doufodji,Baobab RM5,Mon,2:00 PM - 4:30 PM
FREN 122,French for General Communication II [Sec A],NC,J. Rhule,B. Ball Court,Mon,10:00 AM - 12:30 PM
FREN 122,French for General Communication II [Sec B],NC,J. Rhule,Baobab RM5,Wed,10:00 AM - 12:30 PM
PEAC 100,Physical Activity [Sec A],NC,K. Oheneba Nti,Bulley Room 1,Fri,10:00 AM - 12:30 PM
HLTH 200,Health Principles [Sec A],NC,K. Oheneba Nti,Baobab RM5,Tue,7:00 AM - 9:30 AM
HLTH 200,Health Principles [Sec B],NC,K. Oheneba Nti,Boabab RM5,Mon,10:00 AM - 12:30 PM
MATH 121,College Algebra [Sec A],NC,O. Osei-Tutu,Bulley Room 3,Thu,10:00 AM - 12:30 PM
RELB 250,Principles of Christian Faith [Sec B],NC,Ps. E. H. Takyi,Boabab RM5,Wed,2:00 PM - 4:30 PM
RELB 250,Principles of Christian Faith [Sec A],NC,Ps. E. Osei,Baobab RM3,Tue,7:00 AM - 9:30 AM
RELT 385,Introduction to Biblical Foundation of Ethics [Sec B],NC,Ps. S. Appiah,Bulley Room 3,Tue,7:00 AM - 9:30 AM
PEAC 100,Physical Activity [Sec A],NC,K. Oheneba Nti,B. Ball Court,Fri,10:00 AM - 12:30 PM
HLTH 200,Health Principles [Sec A],NC,K. Oheneba Nti,Bulley Room 4,Tue,10:00 AM - 12:30 PM
HLTH 200,Health Principles [Sec B],NC,K. Oheneba Nti,American High,Wed,10:00 AM - 12:30 PM
CMME 115,Introduction to Communication Skills [Sec A],NC,A. Oye,Baobab RM3,Mon,7:00 AM - 9:30 AM
CMME 115,Introduction to Communication Skills [Sec C],NC,A. Oye,Baobab RM5,Mon,2:00 PM - 4:30 PM
CMME 115,Introduction to Communication Skills [Sec B],NC,A. Oye,Bulley Room 3,Wed,10:00 AM - 12:30 PM
PSYC 105,Introduction to Psychology [Sec B],NC,Akua K. Amponsah,Bulley Room 3,Thu,10:00 AM - 12:30 PM
PSYC 105,Introduction to Psychology [Sec A],NC,Akua K. Amponsah,Bulley Room 5,Thu,2:00 PM - 4:30 PM
GNED 468,Job Search Strategies and Techniques [Sec A],NC,Ama O. Karikari,Baobab RM5,Thu,10:00 AM - 12:30 PM
GNED 468,Job Search Strategies and Techniques [Sec B],NC,Ama O. Karikari,Bulley Room 5,Fri,7:00 AM - 9:30 AM
GNED 230,Career Exploration and Planning [Sec A],NC,Ama O. Karikari,Bulley Room 1,Mon,10:00 AM - 12:30 PM
GNED 230,Career Exploration and Planning [Sec B],NC,Ama O. Karikari,Baobab RM3,Wed,10:00 AM - 12:30 PM
GNED 125,Study Skills [Sec B],NC,Ama O. Karikari,Baobab RM3,Tue,10:00 AM - 12:30 PM
GNED 125,Study Skills [Sec A],NC,Ama O. Karikari,Bulley Room 2,Tue,7:00 AM - 9:30 AM
ENGL 112,Language and Writing Skills II [Sec B],NC,C. Pokuaa,Baobab RM1,Thu,7:00 AM - 9:30 AM
ENGL 112,Language and Writing Skills II [Sec A],NC,C. Pokuaa,Baobab RM1,Mon,2:00 PM - 4:30 PM
ENGL 112,Language and Writing Skills II [Sec C],NC,C. Pokuaa,Bulley Room 4,Thu,10:00 AM - 12:30 PM
SOCI 115,Principles of Sociology [Sec A],NC,Dr. D. Dovie,American High,Fri,10:00 AM - 12:30 PM
RELB 163,Life and Teachings of Jesus [Sec A],NC,Dr. F. Tenortey,Bulley Room 3,Mon,7:00 AM - 9:30 AM
RELB 163,Life and Teachings of Jesus [Sec B],NC,Dr. F. Tenortey,American High,Mon,2:00 PM - 4:30 PM
RELT 385,Introduction to Biblical Foundation of Ethics [Sec A],NC,Dr. J. Andor,Boabab RM5,Mon,2:00 PM - 4:30 PM
ENGL 111,Language and Writing Skills I [Sec A],NC,Dr. S. Adjei-Mensah,Bulley Room 3,Tue,2:00 PM - 4:30 PM
ENGL 111,Language and Writing Skills I [Sec C],NC,Dr. S. Adjei-Mensah,Baobab RM5,Wed,10:00 AM - 12:30 PM
ENGL 111,Language and Writing Skills I [Sec B],NC,Dr. S. Adjei-Mensah,Boabab RM5,Tue,10:00 AM - 12:30 PM
RELG 451,Bible and Family Dynamics [Sec A],NC,Dr. S. Amoh,Baobab RM3,Thu,2:00 PM - 4:30 PM
RELG 451,Bible and Family Dynamics [Sec B],NC,Dr. S. Amoh,Bulley Room 2,Thu,7:00 AM - 9:30 AM
AFST 205,Introduction to African Music [Sec A],NC,E. Boahen,Bulley Room 1,Fri,10:00 AM - 12:30 PM
AFST 205,Introduction to African Music [Sec B],NC,E. Boahen,Bulley Room 1,Wed,7:00 AM - 9:30 AM
AFST 243,Chieftaincy and Development [Sec B],NC,F. Opoku,Baobab RM1,Mon,7:00 AM - 9:30 AM
AFST 243,Chieftaincy and Development [Sec A],NC,F. Opoku,Bulley Room 1,Mon,2:00 PM - 4:30 PM
FREN 121,French for General Communication I [Sec A],NC,J. Elorm Doufodji,Bulley Room 5,Mon,10:00 AM - 12:30 PM
FREN 121,French for General Communication I [Sec B],NC,J. Elorm Doufodji,Baobab RM5,Thu,7:00 AM - 9:30 AM
FREN 122,French for General Communication II [Sec A],NC,J. Rhule,Boabab RM5,Mon,10:00 AM - 12:30 PM
FREN 122,French for General Communication II [Sec B],NC,J. Rhule,Bulley Room 3,Wed,7:00 AM - 9:30 AM
MATH 121,College Algebra [Sec A],NC,O. Osei-Tutu,American High,Thu,10:00 AM - 12:30 PM
RELB 250,Principles of Christian Faith [Sec B],NC,Ps. E. H. Takyi,Baobab RM3,Wed,7:00 AM - 9:30 AM
RELB 250,Principles of Christian Faith [Sec A],NC,Ps. E. Osei,Baobab RM1,Tue,2:00 PM - 4:30 PM
RELT 385,Introduction to Biblical Foundation of Ethics [Sec B],NC,Ps. S. Appiah,Boabab RM5,Tue,7:00 AM - 9:30 AM
CMME 115,Introduction to Communication Skills [Sec A],NC,A. Oye,Bulley Room 4,Mon,7:00 AM - 9:30 AM
CMME 115,Introduction to Communication Skills [Sec C],NC,A. Oye,Bulley Room 4,Thu,2:00 PM - 4:30 PM
CMME 115,Introduction to Communication Skills [Sec B],NC,A. Oye,Baobab RM5,Thu,10:00 AM - 12:30 PM
PSYC 105,Introduction to Psychology [Sec B],NC,Akua K. Amponsah,Baobab RM5,Thu,2:00 PM - 4:30 PM
PSYC 105,Introduction to Psychology [Sec A],NC,Akua K. Amponsah,Bulley Room 3,Thu,10:00 AM - 12:30 PM
GNED 468,Job Search Strategies and Techniques [Sec A],NC,Ama O. Karikari,Bulley Room 5,Thu,7:00 AM - 9:30 AM
GNED 468,Job Search Strategies and Techniques [Sec B],NC,Ama O. Karikari,Boabab RM5,Wed,10:00 AM - 12:30 PM
GNED 230,Career Exploration and Planning [Sec A],NC,Ama O. Karikari,Baobab RM1,Thu,10:00 AM - 12:30 PM
GNED 230,Career Exploration and Planning [Sec B],NC,Ama O. Karikari,Boabab RM5,Tue,2:00 PM - 4:30 PM
GNED 125,Study Skills [Sec B],NC,Ama O. Karikari,Baobab RM1,Thu,2:00 PM - 4:30 PM
GNED 125,Study Skills [Sec A],NC,Ama O. Karikari,Bulley Room 1,Tue,10:00 AM - 12:30 PM
ENGL 112,Language and Writing Skills II [Sec B],NC,C. Pokuaa,Bulley Room 4,Thu,10:00 AM - 12:30 PM
ENGL 112,Language and Writing Skills II [Sec A],NC,C. Pokuaa,Baobab RM5,Fri,7:00 AM - 9:30 AM
ENGL 112,Language and Writing Skills II [Sec C],NC,C. Pokuaa,American High,Thu,7:00 AM - 9:30 AM
SOCI 115,Principles of Sociology [Sec A],NC,Dr. D. Dovie,Baobab RM3,Fri,10:00 AM - 12:30 PM
RELB 163,Life and Teachings of Jesus [Sec A],NC,Dr. F. Tenortey,American High,Wed,2:00 PM - 4:30 PM
RELB 163,Life and Teachings of Jesus [Sec B],NC,Dr. F. Tenortey,Baobab RM1,Mon,10:00 AM - 12:30 PM
RELT 385,Introduction to Biblical Foundation of Ethics [Sec A],NC,Dr. J. Andor,Bulley Room 5,Mon,2:00 PM - 4:30 PM
ENGL 111,Language and Writing Skills I [Sec A],NC,Dr. S. Adjei-Mensah,American High,Tue,10:00 AM - 12:30 PM
ENGL 111,Language and Writing Skills I [Sec C],NC,Dr. S. Adjei-Mensah,Bulley Room 1,Wed,2:00 PM - 4:30 PM
ENGL 111,Language and Writing Skills I [Sec B],NC,Dr. S. Adjei-Mensah,Baobab RM3,Wed,10:00 AM - 12:30 PM
RELG 451,Bible and Family Dynamics [Sec A],NC,Dr. S. Amoh,Bulley Room 2,Thu,2:00 PM - 4:30 PM
RELG 451,Bible and Family Dynamics [Sec B],NC,Dr. S. Amoh,Bulley Room 2,Tue,2:00 PM - 4:30 PM
AFST 205,Introduction to African Music [Sec A],NC,E. Boahen,Baobab RM1,Fri,7:00 AM - 9:30 AM
AFST 205,Introduction to African Music [Sec B],NC,E. Boahen,Baobab RM5,Wed,2:00 PM - 4:30 PM
AFST 243,Chieftaincy and Development [Sec B],NC,F. Opoku,Bulley Room 2,Mon,2:00 PM - 4:30 PM
AFST 243,Chieftaincy and Development [Sec A],NC,F. Opoku,Baobab RM5,Wed,10:00 AM - 12:30 PM
FREN 121,French for General Communication I [Sec A],NC,J. Elorm Doufodji,Baobab RM3,Mon,10:00 AM - 12:30 PM
FREN 121,French for General Communication I [Sec B],NC,J. Elorm Doufodji,Boabab RM5,Tue,10:00 AM - 12:30 PM
FREN 122,French for General Communication II [Sec A],NC,J. Rhule,Bulley Room 3,Mon,7:00 AM - 9:30 AM
FREN 122,French for General Communication II [Sec B],NC,J. Rhule,Bulley Room 2,Wed,7:00 AM - 9:30 AM
HLTH 200,Health Principles [Sec A],NC,K. Oheneba Nti,Baobab RM1,Mon,7:00 AM - 9:30 AM
HLTH 200,Health Principles [Sec B],NC,K. Oheneba Nti,Baobab RM5,Mon,2:00 PM - 4:30 PM
PEAC 100,Physical Activity [Sec A],NC,K. Oheneba Nti,Bulley Room 3,Tue,10:00 AM - 12:30 PM
MATH 121,College Algebra [Sec A],NC,O. Osei-Tutu,Bulley Room 1,Thu,2:00 PM - 4:30 PM
RELB 250,Principles of Christian Faith [Sec B],NC,Ps. E. H. Takyi,Bulley Room 3,Wed,2:00 PM - 4:30 PM
RELB 250,Principles of Christian Faith [Sec A],NC,Ps. E. Osei,Boabab RM5,Tue,7:00 AM - 9:30 AM
RELT 385,Introduction to Biblical Foundation of Ethics [Sec B],NC,Ps. S. Appiah,Bulley Room 2,Tue,7:00 AM - 9:30 AM
CMME 115,Introduction to Communication Skills [Sec A],NC,A. Oye,Baobab RM3,Mon,7:00 AM - 9:30 AM
CMME 115,Introduction to Communication Skills [Sec C],NC,A. Oye,American High,Thu,2:00 PM - 4:30 PM
CMME 115,Introduction to Communication Skills [Sec B],NC,A. Oye,Bulley Room 5,Wed,10:00 AM - 12:30 PM
PSYC 105,Introduction to Psychology [Sec B],NC,Akua K. Amponsah,American High,Thu,10:00 AM - 12:30 PM
PSYC 105,Introduction to Psychology [Sec A],NC,Akua K. Amponsah,Bulley Room 2,Thu,2:00 PM - 4:30 PM
GNED 468,Job Search Strategies and Techniques [Sec A],NC,Ama O. Karikari,Baobab RM3,Thu,7:00 AM - 9:30 AM
GNED 468,Job Search Strategies and Techniques [Sec B],NC,Ama O. Karikari,Bulley Room 4,Thu,10:00 AM - 12:30 PM
GNED 230,Career Exploration and Planning [Sec A],NC,Ama O. Karikari,American High,Fri,7:00 AM - 9:30 AM
GNED 230,Career Exploration and Planning [Sec B],NC,Ama O. Karikari,Baobab RM1,Mon,7:00 AM - 9:30 AM
GNED 125,Study Skills [Sec B],NC,Ama O. Karikari,Bulley Room 4,Tue,10:00 AM - 12:30 PM
GNED 125,Study Skills [Sec A],NC,Ama O. Karikari,Bulley Room 5,Wed,2:00 PM - 4:30 PM
ENGL 112,Language and Writing Skills II [Sec B],NC,C. Pokuaa,Baobab RM1,Mon,2:00 PM - 4:30 PM
ENGL 112,Language and Writing Skills II [Sec A],NC,C. Pokuaa,Baobab RM3,Thu,2:00 PM - 4:30 PM
ENGL 112,Language and Writing Skills II [Sec C],NC,C. Pokuaa,Boabab RM5,Wed,2:00 PM - 4:30 PM
SOCI 115,Principles of Sociology [Sec A],NC,Dr. D. Dovie,Baobab RM5,Fri,10:00 AM - 12:30 PM
RELB 163,Life and Teachings of Jesus [Sec A],NC,Dr. F. Tenortey,American High,Mon,7:00 AM - 9:30 AM
RELB 163,Life and Teachings of Jesus [Sec B],NC,Dr. F. Tenortey,Bulley Room 1,Wed,10:00 AM - 12:30 PM
RELT 385,Introduction to Biblical Foundation of Ethics [Sec A],NC,Dr. J. Andor,Bulley Room 4,Mon,10:00 AM - 12:30 PM
ENGL 111,Language and Writing Skills I [Sec A],NC,Dr. S. Adjei-Mensah,Bulley Room 3,Tue,2:00 PM - 4:30 PM
ENGL 111,Language and Writing Skills I [Sec C],NC,Dr. S. Adjei-Mensah,Baobab RM5,Wed,2:00 PM - 4:30 PM
ENGL 111,Language and Writing Skills I [Sec B],NC,Dr. S. Adjei-Mensah,American High,Wed,7:00 AM - 9:30 AM
RELG 451,Bible and Family Dynamics [Sec A],NC,Dr. S. Amoh,Bulley Room 5,Tue,2:00 PM - 4:30 PM
RELG 451,Bible and Family Dynamics [Sec B],NC,Dr. S. Amoh,Bulley Room 1,Tue,7:00 AM - 9:30 AM
AFST 205,Introduction to African Music [Sec A],NC,E. Boahen,Boabab RM5,Fri,10:00 AM - 12:30 PM
AFST 205,Introduction to African Music [Sec B],NC,E. Boahen,Boabab RM5,Wed,10:00 AM - 12:30 PM
AFST 243,Chieftaincy and Development [Sec B],NC,F. Opoku,Bulley Room 4,Mon,2:00 PM - 4:30 PM
AFST 243,Chieftaincy and Development [Sec A],NC,F. Opoku,Baobab RM5,Mon,7:00 AM - 9:30 AM
FREN 121,French for General Communication I [Sec A],NC,J. Elorm Doufodji,Boabab RM5,Thu,2:00 PM - 4:30 PM
FREN 121,French for General Communication I [Sec B],NC,J. Elorm Doufodji,Baobab RM3,Tue,7:00 AM - 9:30 AM
FREN 122,French for General Communication II [Sec A],NC,J. Rhule,Baobab RM1,Wed,2:00 PM - 4:30 PM
FREN 122,French for General Communication II [Sec B],NC,J. Rhule,Baobab RM5,Wed,7:00 AM - 9:30 AM
HLTH 200,Health Principles [Sec A],NC,K. Oheneba Nti,Baobab RM1,Fri,7:00 AM - 9:30 AM
HLTH 200,Health Principles [Sec B],NC,K. Oheneba Nti,Baobab RM3,Tue,2:00 PM - 4:30 PM
PEAC 100,Physical Activity [Sec A],NC,K. Oheneba Nti,Bulley Room 5,Fri,10:00 AM - 12:30 PM
MATH 121,College Algebra [Sec A],NC,O. Osei-Tutu,Baobab RM5,Thu,7:00 AM - 9:30 AM
RELB 250,Principles of Christian Faith [Sec B],NC,Ps. E. H. Takyi,Baobab RM3,Wed,7:00 AM - 9:30 AM
RELB 250,Principles of Christian Faith [Sec A],NC,Ps. E. Osei,American High,Tue,7:00 AM - 9:30 AM
RELT 385,Introduction to Biblical Foundation of Ethics [Sec B],NC,Ps. S. Appiah,Bulley Room 3,Tue,7:00 AM - 9:30 AM
PEAC 100,Physical Activity [Sec A],NC,K. Oheneba Nti,B. Ball Court,Wed,10:00 AM - 12:30 PM
HLTH 200,Health Principles [Sec A],NC,K. Oheneba Nti,Boabab RM5,Tue,7:00 AM - 9:30 AM
HLTH 200,Health Principles [Sec B],NC,K. Oheneba Nti,Bulley Room 4,Fri,10:00 AM - 12:30 PM
CMME 115,Introduction to Communication Skills [Sec A],NC,A. Oye,Baobab RM5,Thu,10:00 AM - 12:30 PM
CMME 115,Introduction to Communication Skills [Sec C],NC,A. Oye,Baobab RM3,Wed,2:00 PM - 4:30 PM
CMME 115,Introduction to Communication Skills [Sec B],NC,A. Oye,Baobab RM3,Thu,7:00 AM - 9:30 AM
PSYC 105,Introduction to Psychology [Sec B],NC,Akua K. Amponsah,Boabab RM5,Thu,7:00 AM - 9:30 AM
PSYC 105,Introduction to Psychology [Sec A],NC,Akua K. Amponsah,Bulley Room 3,Thu,2:00 PM - 4:30 PM
GNED 468,Job Search Strategies and Techniques [Sec A],NC,Ama O. Karikari,Bulley Room 2,Thu,7:00 AM - 9:30 AM
GNED 468,Job Search Strategies and Techniques [Sec B],NC,Ama O. Karikari,Bulley Room 2,Tue,2:00 PM - 4:30 PM
GNED 230,Career Exploration and Planning [Sec A],NC,Ama O. Karikari,Bulley Room 5,Wed,2:00 PM - 4:30 PM
GNED 230,Career Exploration and Planning [Sec B],NC,Ama O. Karikari,Baobab RM3,Tue,7:00 AM - 9:30 AM
GNED 125,Study Skills [Sec B],NC,Ama O. Karikari,Baobab RM3,Mon,2:00 PM - 4:30 PM
GNED 125,Study Skills [Sec A],NC,Ama O. Karikari,Baobab RM1,Thu,2:00 PM - 4:30 PM
ENGL 112,Language and Writing Skills II [Sec B],NC,C. Pokuaa,Bulley Room 1,Mon,7:00 AM - 9:30 AM
ENGL 112,Language and Writing Skills II [Sec A],NC,C. Pokuaa,Bulley Room 2,Mon,10:00 AM - 12:30 PM
ENGL 112,Language and Writing Skills II [Sec C],NC,C. Pokuaa,Boabab RM5,Mon,2:00 PM - 4:30 PM
SOCI 115,Principles of Sociology [Sec A],NC,Dr. D. Dovie,Baobab RM5,Fri,10:00 AM - 12:30 PM
RELB 163,Life and Teachings of Jesus [Sec A],NC,Dr. F. Tenortey,American High,Mon,10:00 AM - 12:30 PM
RELB 163,Life and Teachings of Jesus [Sec B],NC,Dr. F. Tenortey,Boabab RM5,Wed,7:00 AM - 9:30 AM
RELT 385,Introduction to Biblical Foundation of Ethics [Sec A],NC,Dr. J. Andor,Bulley Room 4,Mon,10:00 AM - 12:30 PM
ENGL 111,Language and Writing Skills I [Sec A],NC,Dr. S. Adjei-Mensah,Bulley Room 1,Wed,2:00 PM - 4:30 PM
ENGL 111,Language and Writing Skills I [Sec C],NC,Dr. S. Adjei-Mensah,Boabab RM5,Tue,10:00 AM - 12:30 PM
ENGL 111,Language and Writing Skills I [Sec B],NC,Dr. S. Adjei-Mensah,Bulley Room 1,Wed,7:00 AM - 9:30 AM
RELG 451,Bible and Family Dynamics [Sec A],NC,Dr. S. Amoh,Bulley Room 3,Thu,10:00 AM - 12:30 PM
RELG 451,Bible and Family Dynamics [Sec B],NC,Dr. S. Amoh,Bulley Room 5,Thu,2:00 PM - 4:30 PM
AFST 205,Introduction to African Music [Sec A],NC,E. Boahen,Bulley Room 4,Wed,2:00 PM - 4:30 PM
AFST 205,Introduction to African Music [Sec B],NC,E. Boahen,Bulley Room 1,Fri,10:00 AM - 12:30 PM
AFST 243,Chieftaincy and Development [Sec B],NC,F. Opoku,Baobab RM1,Wed,10:00 AM - 12:30 PM
AFST 243,Chieftaincy and Development [Sec A],NC,F. Opoku,Baobab RM5,Wed,7:00 AM - 9:30 AM
FREN 121,French for General Communication I [Sec A],NC,J. Elorm Doufodji,Baobab RM5,Mon,2:00 PM - 4:30 PM
FREN 121,French for General Communication I [Sec B],NC,J. Elorm Doufodji,Boabab RM5,Thu,2:00 PM - 4:30 PM
FREN 122,French for General Communication II [Sec A],NC,J. Rhule,Boabab RM5,Wed,10:00 AM - 12:30 PM
FREN 122,French for General Communication II [Sec B],NC,J. Rhule,Baobab RM1,Mon,10:00 AM - 12:30 PM
MATH 121,College Algebra [Sec A],NC,O. Osei-Tutu,Bulley Room 5,Thu,10:00 AM - 12:30 PM
RELB 250,Principles of Christian Faith [Sec B],NC,Ps. E. H. Takyi,Baobab RM1,Wed,7:00 AM - 9:30 AM
RELB 250,Principles of Christian Faith [Sec A],NC,Ps. E. Osei,Baobab RM1,Tue,7:00 AM - 9:30 AM
RELT 385,Introduction to Biblical Foundation of Ethics [Sec B],NC,Ps. S. Appiah,Bulley Room 3,Tue,10:00 AM - 12:30 PM
INFT 420,Human Computer Interaction,NC,D. Martin,CS Lab,Mon,2:00 PM - 4:30 PM
COSC 211 / INFT 211,Computer Organization / Computer Organization and Architecture,NC,D. Martin,CS2,Mon,10:00 AM - 12:30 PM
INFT 142,Critical Thinking and Practical Reasoning,NC,D. Martin,CS1,Wed,10:00 AM - 12:30 PM
COSC 331,Computer Graphics I,NC,Dr. P. Y. O. Amoako,CS Lab,Wed,2:00 PM - 4:30 PM
INFT 425,Mobile Application Development,NC,Dr. P. Y. O. Amoako,CS1,Fri,10:00 AM - 12:30 PM
COSC 455,"Artificial Intelligence and Machine Learning [CS] / Artificial Intelligence and Machine Learning [IT, BEIT]",NC,Dr. P. Y. O. Amoako,CS1,Wed,7:00 AM - 9:30 AM
COSC 255,Operating Systems,NC,Dr. P. Y. O. Amoako,CS3,Fri,7:00 AM - 9:30 AM
INFT 346 / COSC 447,Software Development Life Cycle / Software Engineering,NC,J. Abandoh-Sam,CS1,Thu,2:00 PM - 4:30 PM
INFT 439 / COSC 429,Cloud Computing Systems,NC,J. Abandoh-Sam,CS1,Thu,7:00 AM - 9:30 AM
MATH 171,Introductory Mathematics for Computer Science,NC,Prof. W. Oblitey,CS1,Mon,7:00 AM - 9:30 AM
COSC 260,Structured Systems Analysis and Design,NC,J. Abandoh-Sam,CS2,Tue,2:00 PM - 4:30 PM
COSC 352 / INFT 452,Computer Security / Enterprise Information Security,NC,J. Abandoh-Sam,Business Lab,Tue,10:00 AM - 12:30 PM
MATH 141,Algebra,NC,Prof. W. Oblitey,CS2,Wed,10:00 AM - 12:30 PM
INFT 119,Information Technology Foundation,NC,E. Okoe,CS3,Tue,7:00 AM - 9:30 AM
COSC 271,Data Communication & Computer Network I,NC,E. Okoe,CS2,Wed,2:00 PM - 4:30 PM
COSC 466,Systems and Network Administration,NC,M. Asare Tetteh,CS2,Mon,2:00 PM - 4:30 PM
INFT 245 / COSC 245 / BBIS 245 / INFT 445,Entrepreneurship and Human Development / / COSC 445 Entrepreneurship and Human Development / Entrpreneurship and Human Development / IT Entrepreneurship,NC,W. Ronky Amber-Doh,CS2,Thu,2:00 PM - 4:30 PM
COSC 470 / INFT 470,Computer and Cyber Forensics,NC,M. Asare Tetteh,CS3,Wed,7:00 AM - 9:30 AM
COSC 113 / CSCD 113,"Elements of Progamming [CS, BMET] / Elements of Programming [CS]",NC,R. Amponsah,CS3,Tue,2:00 PM - 4:30 PM
PEAC 100,Physical Activity [Sec A],NC,K. Oheneba Nti,B. Ball Court,Mon,5:00 PM - 6:00 PM
PSYC 105,Introduction to Psychology [Sec A],NC,Akua K. Amponsah,Baobab RM3,Thu,10:00 AM - 12:30 PM
GNED 125,Study Skills [Sec B] (SONM),NC,Ama O. Karikari,Boabab RM5,Thu,2:00 PM - 4:30 PM
SOCI 115,Principles of Sociology [Sec A],NC,Dr. D. Dovie,American High,Fri,7:00 AM - 9:30 AM
RELB 163,Life and Teachings of Jesus [Sec B],NC,Dr. F. Tenortey,Baobab RM5,Mon,10:00 AM - 12:30 PM
ENGL 111,Language and Writing Skills I [Sec B],NC,Dr. S. Adjei-Mensah,Baobab RM3,Wed,2:00 PM - 4:30 PM
ENGL 111,Language and Writing Skills I [Sec D] (SONM),NC,Dr. S. Adjei-Mensah,Baobab RM3,Tue,7:00 AM - 9:30 AM
ENGL 111,Language and Writing Skills I [Sec C] (SONM),NC,Dr. S. Adjei-Mensah,Baobab RM3,Wed,7:00 AM - 9:30 AM
FREN 121,French for General Communication I [Sec A],NC,J. Elorm Doufodji,Baobab RM1,Thu,7:00 AM - 9:30 AM
HLTH 200,Health Principles [Sec B],NC,K. Oheneba Nti,American High,Wed,10:00 AM - 12:30 PM
MATH 121,College Algebra [Sec A],NC,O. Osei-Tutu,American High,Tue,2:00 PM - 4:30 PM
ENGL 111,Language and Writing Skills I [Sec A],NC,Dr. S. Adjei-Mensah,Baobab RM3,Tue,2:00 PM - 4:30 PM
AFST 243,Chieftaincy and Development [Sec B],NC,F. Opoku,Baobab RM3,Mon,7:00 AM - 9:30 AM
FREN 122,French for General Communication II [Sec A],NC,J. Rhule,Baobab RM3,Wed,10:00 AM - 12:30 PM
RELT 385,Introduction to Biblical Foundation of Ethics [Sec A],NC,Ps. E. Takyi,Baobab RM3,Mon,2:00 PM - 4:30 PM
RELT 385,Introduction to Biblical Foundation of Ethics [Sec B],NC,Ps. I. Kyere,Baobab RM3,Fri,10:00 AM - 12:30 PM
RELB 250,Principles of Christian Faith [Sec B],NC,Ps. P. Obeng Manu,American High,Mon,2:00 PM - 4:30 PM
ENGL 112,Language and Writing Skills II [Sec B] (FOS & SOB),NC,C. Pokuaa,American High,Tue,7:00 AM - 9:30 AM
ENGL 112,Language and Writing Skills II [Sec A] (SONM),NC,C. Pokuaa,American High,Fri,10:00 AM - 12:30 PM
ENGL 112,Language and Writing Skills II [Sec C] (SOE & FASS),NC,C. Pokuaa,American High,Mon,10:00 AM - 12:30 PM
HLTH 200,Health Principles [Sec A],NC,K. Oheneba Nti,American High,Wed,7:00 AM - 9:30 AM
GNED 125,Study Skills [Sec A],NC,Ama O. Karikari,Baobab RM5,Tue,2:00 PM - 4:30 PM
GNED 468,Job Search Strategies and Techniques [Sec B],NC,Ama O. Karikari,Baobab RM5,Wed,7:00 AM - 9:30 AM
GNED 230,Career Exploration and Planning [Sec A],NC,Ama O. Karikari,Baoaba RM5,Thu,10:00 AM - 12:30 PM
RELB 163,Life and Teachings of Jesus [Sec A],NC,Dr. F. Tenortey,Baobab RM1,Mon,7:00 AM - 9:30 AM
RELB 163,Life and Teachings of Jesus [Sec C] (SONM),NC,Dr. F. Tenortey,Baobab RM1,Wed,7:00 AM - 9:30 AM
FREN 122,French for General Communication II [Sec B],NC,J. Rhule,Baobab RM1,Mon,2:00 PM - 4:30 PM
CMME 115,Introduction to Communication Skills [Sec A],NC,Dr. A. Oye,Baobab RM1,Fri,7:00 AM - 9:30 AM
CMME 115,Introduction to Communication Skills [Sec C],NC,Dr. A. Oye,Baobab RM1,Mon,10:00 AM - 12:30 PM
CMME 115,Introduction to Communication Skills [Sec B](SONM),NC,Dr. A. Oye,Baobab RM1,Wed,2:00 PM - 4:30 PM
AFST 243,Chieftaincy and Development [Sec A],NC,F. Opoku,Baobab RM1,Wed,10:00 AM - 12:30 PM
FREN 121,French for General Communication I [Sec B],NC,J. Elorm Doufodji,Baobab RM1,Thu,10:00 AM - 12:30 PM
RELG 451,Bible and Family Dynamics [Sec B],NC,Dr. J. Andor,Baobab RM1,Tue,2:00 PM - 4:30 PM
AFST 205,Introduction to African Music [Sec A],NC,E. Boahen,Baobab RM1,Fri,10:00 AM - 12:30 PM
AFST 205,Introduction to African Music [Sec B],NC,E. Boahen,Baobab RM1,Tue,10:00 AM - 12:30 PM
COSC 117,Fundamentals of Computing Skills [Sec B],NC,G. Preprah Tanoah,Baobab RM1,Thu,2:00 PM - 4:30 PM
RELB 250,Principles of Christian Faith [Sec A],NC,Ps. E. Osei,Baobab RM1,Tue,7:00 AM - 9:30 AM
COSC 117,Fundamentals of Computing Skills [Sec A],NC,G. Preprah Tanoah,Baobab RM5,Mon,7:00 AM - 9:30 AM
RELG 451,Bible and Family Dynamics [Sec A],NC,Dr. S. Amoh,Baobab RM5,Tue,7:00 AM - 9:30 AM
INFT 420,Human Computer Interaction,NC,D. Martin,CS Lab,Mon,10:00 AM - 12:30 PM
COSC 211 / INFT 211,Computer Organization / Computer Organization and Architecture,NC,D. Martin,CS2,Thu,7:00 AM - 9:30 AM
INFT 142,Critical Thinking and Practical Reasoning,NC,D. Martin,CS1,Wed,2:00 PM - 4:30 PM
COSC 331,Computer Graphics I,NC,Dr. P. Y. O. Amoako,CS Lab,Fri,10:00 AM - 12:30 PM
INFT 425,Mobile Application Development,NC,Dr. P. Y. O. Amoako,CS1,Wed,10:00 AM - 12:30 PM
COSC 455,"Artificial Intelligence and Machine Learning [CS] / Artificial Intelligence and Machine Learning [IT, BEIT]",NC,Dr. P. Y. O. Amoako,CS1,Fri,7:00 AM - 9:30 AM
COSC 255,Operating Systems,NC,Dr. P. Y. O. Amoako,CS3,Wed,2:00 PM - 4:30 PM
INFT 346 / COSC 447,Software Development Life Cycle / Software Engineering,NC,J. Abandoh-Sam,CS1,Tue,7:00 AM - 9:30 AM
INFT 439 / COSC 429,Cloud Computing Systems,NC,J. Abandoh-Sam,CS1,Thu,10:00 AM - 12:30 PM
MATH 171,Introductory Mathematics for Computer Science,NC,Prof. W. Oblitey,CS1,Mon,2:00 PM - 4:30 PM
COSC 260,Structured Systems Analysis and Design,NC,J. Abandoh-Sam,CS2,Thu,2:00 PM - 4:30 PM
COSC 352 / INFT 452,Computer Security / Enterprise Information Security,NC,J. Abandoh-Sam,Business Lab,Tue,2:00 PM - 4:30 PM
MATH 141,Algebra,NC,Prof. W. Oblitey,CS2,Tue,10:00 AM - 12:30 PM
INFT 119,Information Technology Foundation,NC,E. Okoe,CS3,Wed,7:00 AM - 9:30 AM
COSC 271,Data Communication & Computer Network I,NC,E. Okoe,CS2,Tue,2:00 PM - 4:30 PM
COSC 466,Systems and Network Administration,NC,M. Asare Tetteh,CS2,Wed,2:00 PM - 4:30 PM
INFT 245 / COSC 245 / BBIS 245 / INFT 445,Entrepreneurship and Human Development / / COSC 445 Entrepreneurship and Human Development / Entrpreneurship and Human Development / IT Entrepreneurship,NC,W. Ronky Amber-Doh,CS2,Thu,10:00 AM - 12:30 PM
COSC 470 / INFT 470,Computer and Cyber Forensics,NC,M. Asare Tetteh,CS3,Mon,7:00 AM - 9:30 AM
COSC 113 / CSCD 113,"Elements of Progamming [CS, BMET] / Elements of Programming [CS]",NC,R. Amponsah,CS3,Tue,7:00 AM - 9:30 AM
PEAC 100,Physical Activity [Sec A],NC,K. Oheneba Nti,B. Ball Court,Monday,5:00 PM - 6:00 PM
CMME 115,Introduction to Communication Skills [Sec A],NC,A. Oye,Baobab RM3,Thursday,9:00 AM - 10:00 AM
CMME 115,Introduction to Communication Skills [Sec C],NC,A. Oye,American High,Thursday,8:00 AM - 9:00 AM
CMME 115,Introduction to Communication Skills [Sec B],NC,A. Oye,Boabab RM5,Monday,7:00 AM - 8:00 AM
PSYC 105,Introduction to Psychology [Sec B],NC,Akua K. Amponsah,Boabab RM5,Thursday,7:00 AM - 8:00 AM
PSYC 105,Introduction to Psychology [Sec A],NC,Akua K. Amponsah,Baobab RM3,Wednesday,10:00 AM - 11:00 AM
GNED 125,Study Skills [Sec B],NC,Ama O. Karikari,American High,Friday,9:00 AM - 10:00 AM
GNED 125,Study Skills [Sec A],NC,Ama O. Karikari,Boabab RM5,Monday,8:00 AM - 9:00 AM
ENGL 112,Language and Writing Skills II [Sec B],NC,C. Pokuaa,Baobab RM3,Friday,7:00 AM - 8:00 AM
ENGL 112,Language and Writing Skills II [Sec A],NC,C. Pokuaa,Bulley Room 2,Monday,9:00 AM - 10:00 AM
ENGL 112,Language and Writing Skills II [Sec C],NC,C. Pokuaa,American High,Tuesday,9:00 AM - 10:00 AM
SOCI 115,Principles of Sociology [Sec A],NC,Dr. D. Dovie,Bulley Room 5,Friday,8:00 AM - 9:00 AM
RELB 163,Life and Teachings of Jesus [Sec A],NC,Dr. F. Tenortey,American High,Wednesday,7:00 AM - 8:00 AM
RELB 163,Life and Teachings of Jesus [Sec B],NC,Dr. F. Tenortey,Bulley Room 5,Wednesday,9:00 AM - 10:00 AM
ENGL 111,Language and Writing Skills I [Sec A],NC,Dr. S. Adjei-Mensah,Baobab RM1,Tuesday,7:00 AM - 8:00 AM
ENGL 111,Language and Writing Skills I [Sec C],NC,Dr. S. Adjei-Mensah,Baobab RM3,Tuesday,8:00 AM - 9:00 AM
ENGL 111,Language and Writing Skills I [Sec B],NC,Dr. S. Adjei-Mensah,Bulley Room 2,Wednesday,8:00 AM - 9:00 AM
FREN 121,French for General Communication I [Sec A],NC,J. Elorm Doufodji,Bulley Room 4,Friday,2:00 PM - 3:00 PM
FREN 121,French for General Communication I [Sec B],NC,J. Elorm Doufodji,Bulley Room 2,Thursday,1:00 PM - 2:00 PM
HLTH 200,Health Principles [Sec A],NC,K. Oheneba Nti,Bulley Room 1,Monday,12:00 PM - 1:00 PM
HLTH 200,Health Principles [Sec B],NC,K. Oheneba Nti,Baobab RM5,Thursday,4:00 PM - 5:00 PM
MATH 121,College Algebra [Sec A],NC,O. Osei-Tutu,Bulley Room 3,Tuesday,5:00 PM - 6:00 PM
GNED 230,Career Exploration and Planning [Sec A],NC,Ama O. Karikari,Bulley Room 5,Friday,7:00 AM - 8:00 AM
GNED 230,Career Exploration and Planning [Sec B],NC,Ama O. Karikari,Bulley Room 4,Wednesday,9:00 AM - 10:00 AM
GNED 468,Job Search Strategies and Techniques [Sec A],NC,Ama O. Karikari,Bulley Room 3,Friday,8:00 AM - 9:00 AM
GNED 468,Job Search Strategies and Techniques [Sec B],NC,Ama O. Karikari,Bulley Room 5,Tuesday,8:00 AM - 9:00 AM
AFST 205,Introduction to African Music [Sec A],NC,E. Boahen,Bulley Room 1,Friday,9:00 AM - 10:00 AM
AFST 205,Introduction to African Music [Sec B],NC,E. Boahen,Baobab RM5,Friday,8:00 AM - 9:00 AM
AFST 243,Chieftaincy and Development [Sec B],NC,F. Opoku,Boabab RM5,Wednesday,7:00 AM - 8:00 AM
AFST 243,Chieftaincy and Development [Sec A],NC,F. Opoku,Bulley Room 2,Monday,8:00 AM - 9:00 AM
FREN 122,French for General Communication II [Sec A],NC,J. Rhule,Boabab RM5,Monday,9:00 AM - 10:00 AM
FREN 122,French for General Communication II [Sec B],NC,J. Rhule,Baobab RM1,Monday,7:00 AM - 8:00 AM
RELB 250,Principles of Christian Faith [Sec B],NC,Ps. E. H. Takyi,Bulley Room 3,Wednesday,8:00 AM - 9:00 AM
RELB 250,Principles of Christian Faith [Sec A],NC,Ps. E. Osei,Baobab RM5,Tuesday,9:00 AM - 10:00 AM
RELG 451,Bible and Family Dynamics [Sec A],NC,Dr. S. Amoh,Bulley Room 4,Tuesday,7:00 AM - 8:00 AM
RELG 451,Bible and Family Dynamics [Sec B],NC,Dr. S. Amoh,Bulley Room 3,Thursday,7:00 AM - 8:00 AM
RELT 385,Introduction to Biblical Foundation of Ethics [Sec A],NC,Dr. J. Andor,Bulley Room 3,Monday,7:00 AM - 8:00 AM
RELT 385,Introduction to Biblical Foundation of Ethics [Sec B],NC,Ps. S. Appiah,Baobab RM3,Tuesday,7:00 AM - 8:00 AM
PEAC 100,Physical Activity [Sec A],NC,K. Oheneba Nti,B. Ball Court,Monday,5:00 PM - 6:00 PM
PSYC 105,Introduction to Psychology [Sec B],NC,Akua K. Amponsah,Bulley Room 5,Thursday,7:00 AM - 9:30 AM
PSYC 105,Introduction to Psychology [Sec A],NC,Akua K. Amponsah,Baobab RM5,Thursday,2:00 PM - 4:30 PM
ENGL 112,Language and Writing Skills II [Sec B],NC,C. Pokuaa,Baobab RM1,Wednesday,10:00 AM - 12:30 PM
ENGL 112,Language and Writing Skills II [Sec A],NC,C. Pokuaa,American High,Monday,7:00 AM - 9:30 AM
ENGL 112,Language and Writing Skills II [Sec C],NC,C. Pokuaa,Baobab RM3,Friday,10:00 AM - 12:30 PM
SOCI 115,Principles of Sociology [Sec A],NC,Dr. D. Dovie,Baobab RM3,Friday,7:00 AM - 9:30 AM
RELB 163,Life and Teachings of Jesus [Sec A],NC,Dr. F. Tenortey,Bulley Room 2,Wednesday,2:00 PM - 4:30 PM
RELB 163,Life and Teachings of Jesus [Sec B],NC,Dr. F. Tenortey,Baobab RM3,Monday,10:00 AM - 12:30 PM
HLTH 200,Health Principles [Sec A],NC,K. Oheneba Nti,Bulley Room 5,Friday,10:00 AM - 12:30 PM
HLTH 200,Health Principles [Sec B],NC,K. Oheneba Nti,Bulley Room 1,Wednesday,7:00 AM - 9:30 AM
CMME 115,Introduction to Communication Skills [Sec A],NC,A. Oye,Bulley Room 2,Monday,10:00 AM - 12:30 PM
CMME 115,Introduction to Communication Skills [Sec C],NC,A. Oye,Baobab RM3,Wednesday,2:00 PM - 4:30 PM
CMME 115,Introduction to Communication Skills [Sec B],NC,A. Oye,Baobab RM5,Monday,7:00 AM - 9:30 AM
GNED 125,Study Skills [Sec B],NC,Ama O. Karikari,Bulley Room 2,Friday,10:00 AM - 12:30 PM
GNED 125,Study Skills [Sec A],NC,Ama O. Karikari,Boabab RM5,Thursday,7:00 AM - 9:30 AM
GNED 468,Job Search Strategies and Techniques [Sec A],NC,Ama O. Karikari,Baobab RM5,Tuesday,10:00 AM - 12:30 PM
GNED 468,Job Search Strategies and Techniques [Sec B],NC,Ama O. Karikari,American High,Monday,2:00 PM - 4:30 PM
GNED 230,Career Exploration and Planning [Sec A],NC,Ama O. Karikari,Bulley Room 5,Monday,7:00 AM - 9:30 AM
GNED 230,Career Exploration and Planning [Sec B],NC,Ama O. Karikari,Boabab RM5,Monday,10:00 AM - 12:30 PM
ENGL 111,Language and Writing Skills I [Sec A],NC,Dr. S. Adjei-Mensah,Bulley Room 4,Tuesday,10:00 AM - 12:30 PM
ENGL 111,Language and Writing Skills I [Sec C],NC,Dr. S. Adjei-Mensah,Baobab RM5,Wednesday,10:00 AM - 12:30 PM
ENGL 111,Language and Writing Skills I [Sec B],NC,Dr. S. Adjei-Mensah,Bulley Room 3,Tuesday,2:00 PM - 4:30 PM
FREN 121,French for General Communication I [Sec A],NC,J. Elorm Doufodji,Baobab RM1,Tuesday,7:00 AM - 9:30 AM
FREN 121,French for General Communication I [Sec B],NC,J. Elorm Doufodji,Baobab RM1,Monday,7:00 AM - 9:30 AM
MATH 121,College Algebra [Sec A],NC,O. Osei-Tutu,American High,Thursday,2:00 PM - 4:30 PM
RELT 385,Introduction to Biblical Foundation of Ethics [Sec A],NC,Dr. J. Andor,Bulley Room 3,Monday,10:00 AM - 12:30 PM
RELG 451,Bible and Family Dynamics [Sec A],NC,Dr. S. Amoh,Baobab RM3,Tuesday,7:00 AM - 9:30 AM
RELG 451,Bible and Family Dynamics [Sec B],NC,Dr. S. Amoh,Baobab RM5,Thursday,10:00 AM - 12:30 PM
AFST 205,Introduction to African Music [Sec A],NC,E. Boahen,Bulley Room 5,Wednesday,7:00 AM - 9:30 AM
AFST 205,Introduction to African Music [Sec B],NC,E. Boahen,Baobab RM5,Friday,10:00 AM - 12:30 PM
AFST 243,Chieftaincy and Development [Sec B],NC,F. Opoku,American High,Wednesday,2:00 PM - 4:30 PM
AFST 243,Chieftaincy and Development [Sec A],NC,F. Opoku,Baobab RM1,Wednesday,7:00 AM - 9:30 AM
FREN 122,French for General Communication II [Sec A],NC,J. Rhule,Bulley Room 4,Wednesday,2:00 PM - 4:30 PM
FREN 122,French for General Communication II [Sec B],NC,J. Rhule,Baobab RM5,Monday,10:00 AM - 12:30 PM
RELB 250,Principles of Christian Faith [Sec B],NC,Ps. E. H. Takyi,Boabab RM5,Wednesday,7:00 AM - 9:30 AM
RELB 250,Principles of Christian Faith [Sec A],NC,Ps. E. Osei,Bulley Room 5,Tuesday,10:00 AM - 12:30 PM
RELT 385,Introduction to Biblical Foundation of Ethics [Sec B],NC,Ps. S. Appiah,Boabab RM5,Tuesday,2:00 PM - 4:30 PM
COSC 370 / INFT 370,Operations Research [Sec A] / Management Science [Sec A],NC,Dr. A. Adu-Sackey,CS2,Friday,10:00 AM - 12:30 PM
MATH 112,Calculus I [Sec A],NC,Dr. G. Biney,CH1-1,Thursday,10:00 AM - 12:30 PM
MATH 214,Multivariable Calculus [Sec A],NC,Dr. G. Biney,CH3-1&2,Tuesday,10:00 AM - 12:30 PM
COSC 272 / INFT 372,Data Communication & Computer Network II [Sec A] / Network Project Management,NC,E. Okoe,Bulley Room 5,Tuesday,7:00 AM - 9:30 AM
COSC 130,Digital Electronics [Sec A],NC,E. Okoe,Bulley Room 1,Thursday,7:00 AM - 9:30 AM
COSC 124,Procedural Programming [Sec A],NC,E. Okoe,Boabab RM5,Tuesday,10:00 AM - 12:30 PM
COSC 117,Fundamentals of Computing Skills [Sec B],NC,G. Preprah Tanoah,Bulley Room 5,Monday,2:00 PM - 4:30 PM
BBIS 213,IT for Business (MOS) [Sec A],NC,G. Preprah Tanoah,MET 101,Friday,10:00 AM - 12:30 PM
COSC 117,Fundamentals of Computing Skills [Sec A],NC,G. Preprah Tanoah,MET 101,Wednesday,7:00 AM - 9:30 AM
BBIS 260,Web and Social Management Tools [Sec A],NC,G. Preprah Tanoah,Baobab RM5,Thursday,2:00 PM - 4:30 PM
PHYS 103,Physics [Sec A],NC,J. Okyere Asirifi,Bulley Room 5,Friday,7:00 AM - 9:30 AM
COSC 470,/ INFT 470 Computer & Cyber Forensics,NC,M. Asare,Boabab RM5,Wednesday,7:00 AM - 9:30 AM
INFT 446,Systems and Network Administration [Sec A],NC,M. Asare,American High,Thursday,10:00 AM - 12:30 PM
INFT 459 / COSC 352,Enterprise Information Security [Sec A] / Computer Security [Sec A],NC,M. Doe,CS3,Thursday,2:00 PM - 4:30 PM
INFT 420,Computer-Human Interaction [Sec A],NC,M. Doe,CH1-1,Wednesday,10:00 AM - 12:30 PM
STAT 202,Statistical Methods for Health Sciences [Sec A],NC,O. Osei-Tutu,Bulley Room 3,Thursday,2:00 PM - 4:30 PM
STAT 202,Statistical Methods for Health Sciences [HAC Sec A],NC,O. Osei-Tutu,Bulley Room 3,Thursday,7:00 AM - 9:30 AM
MATH 121,College Algebra [Sec A],NC,O. Osei-Tutu,Baobab RM5,Thursday,10:00 AM - 12:30 PM
STAT 202,Statistical Methods for Health Sciences [Sec B],NC,O. Osei-Tutu,CS LAB,Wednesday,7:00 AM - 9:30 AM
MATH 172,Discrete & Continuous Mathematics [Sec A],NC,Prof. L. Asiedu,Baobab RM5,Thursday,7:00 AM - 9:30 AM
CSCD 119,Introduction to Computer Science [Sec A],NC,Prof. P. Yaw Owusu Amoako,Baobab RM1,Friday,10:00 AM - 12:30 PM
COSC 224,Object-Oriented Programming [Sec A],NC,Prof. P. Yaw Owusu Amoako,MET 103,Thursday,2:00 PM - 4:30 PM
COCS 364 / INFT 364,Research Methods [Sec A],NC,Prof. P. Yaw Owusu Amoako,Baobab RM1,Tuesday,7:00 AM - 9:30 AM
COSC 480,Compiler Design [Sec A],NC,Prof. P. Yaw Owusu Amoako,CS LAB,Monday,10:00 AM - 12:30 PM
MATH 101,Algebra [Sec A],NC,Prof. W. Oblitey,GEN. LAB,Tuesday,7:00 AM - 9:30 AM
MATH 171,Introductory Mathematics for Computer Science,NC,Prof. W. Oblitey,Bulley Room 4,Monday,2:00 PM - 4:30 PM
BBIS 226,Business Process Modeling and Workflow [Sec A],NC,Prof. W. Ofoe Larkotey,Baobab RM1,Friday,7:00 AM - 9:30 AM
BBIS 432,IS Consultancy Practices Solution Develop [Sec A],NC,Prof. W. Ofoe Larkotey,GEN. LAB,Thursday,7:00 AM - 9:30 AM
RNSG 101,Nursing and Midwifery Informatics [Sec A] [Jan. Batch],NC,R. Amponsah,CS2,Tuesday,2:00 PM - 4:30 PM
COSC 346 / INFT 346,Software Engineering [Sec A] / Software Development Life Cycle [Sec A],NC,R. Amponsah,CS LAB,Thursday,10:00 AM - 12:30 PM
COSC 113,Elements of Programming [Sec A],NC,R. Amponsah,Bulley Room 5,Wednesday,7:00 AM - 9:30 AM
INFT 281 / COSC 280 / BBIS 110,Management Information Systems [Sec A] / Information Systems [Sec A] / Introduction to Business Information Systems [Sec A],NC,R. W. Ambeh-Doh,CS3,Wednesday,10:00 AM - 12:30 PM
BBIS 338,Enterprise Systems [Sec A],NC,R. W. Ambeh-Doh,CS3,Wednesday,2:00 PM - 4:30 PM
INFT 115,Information Technology Foundation [Sec A],NC,R. W. Ambeh-Doh,CS LAB,Monday,7:00 AM - 9:30 AM
INFT 480 / BBIS 304,Data Warehousing [Sec A] / Business Intelligence and Dataware Housing [Sec A],NC,S. Ganu,Baobab RM3,Wednesday,2:00 PM - 4:30 PM
BBIS 488,Decision Support Systems [Sec A],NC,S. Ganu,Boabab RM5,Tuesday,7:00 AM - 9:30 AM
COSC 240 / INFT 346,Systems Programming {Sec A] / DotNet Programming [Sec A],NC,S. Ganu,GEN. LAB,Tuesday,10:00 AM - 12:30 PM
INFT 410,Internet-Enabled Applications Systems Development,NC,S. Sebuabe,CS2,Thursday,2:00 PM - 4:30 PM
INFT 340,Computer Vision: Concepts and Application [Sec A],NC,S. Sebuabe,CH3-1&2,Monday,7:00 AM - 9:30 AM
COSC 250 / BBIS 203,Computer Ethics [Sec A] / IT Professional Ethics and Practice [Sec A],NC,S. Sebuabe,CS1,Wednesday,7:00 AM - 9:30 AM
STAT 384,Probability and Statistics [Sec A],NC,TBA,CS2,Monday,2:00 PM - 4:30 PM
PEAC 100,Physical Activity [Sec A],NC,K. Oheneba Nti,B. Ball Court,Monday,5:00 PM - 6:00 PM
GNED 125,Study Skills [Sec B] (SONM),NC,Ama O. Karikari,Bulley Room 3,Friday,7:00 AM - 9:30 AM
GNED 125,Study Skills [Sec A],NC,Ama O. Karikari,Baobab RM1,Wednesday,2:00 PM - 4:30 PM
ENGL 112,Language and Writing Skills II [Sec B] (FOS & SOB),NC,C. Pokuaa,Boabab RM5,Thursday,7:00 AM - 9:30 AM
ENGL 112,Language and Writing Skills II [Sec C] (SOE & FASS),NC,C. Pokuaa,Bulley Room 2,Monday,7:00 AM - 9:30 AM
CMME 115,Introduction to Communication Skills [Sec A],NC,Dr. A. Oye,Bulley Room 4,Wednesday,7:00 AM - 9:30 AM
ENGL 111,Language and Writing Skills I [Sec C] (SONM),NC,Dr. S. Adjei-Mensah,Boabab RM5,Wednesday,10:00 AM - 12:30 PM
FREN 121,French for General Communication I [Sec B],NC,J. Elorm Doufodji,Baoaba RM5,Thursday,2:00 PM - 4:30 PM
HLTH 200,Health Principles [Sec B],NC,K. Oheneba Nti,Bulley Room 4,Friday,10:00 AM - 12:30 PM
MATH 121,College Algebra [Sec A],NC,O. Osei-Tutu,Baoaba RM5,Thursday,10:00 AM - 12:30 PM
HLTH 200,Health Principles [Sec A],NC,K. Oheneba Nti,Bulley Room 1,Tuesday,10:00 AM - 12:30 PM
ENGL 112,Language and Writing Skills II [Sec A] (SONM),NC,C. Pokuaa,Bulley Room 2,Tuesday,7:00 AM - 9:30 AM
CMME 115,Introduction to Communication Skills [Sec C],NC,Dr. A. Oye,Baobab RM3,Friday,10:00 AM - 12:30 PM
CMME 115,Introduction to Communication Skills [Sec B](SONM),NC,Dr. A. Oye,Bulley Room 5,Wednesday,2:00 PM - 4:30 PM
ENGL 111,Language and Writing Skills I [Sec B],NC,Dr. S. Adjei-Mensah,Bulley Room 1,Wednesday,2:00 PM - 4:30 PM
ENGL 111,Language and Writing Skills I [Sec D] (SONM),NC,Dr. S. Adjei-Mensah,American High,Tuesday,2:00 PM - 4:30 PM
ENGL 111,Language and Writing Skills I [Sec A],NC,Dr. S. Adjei-Mensah,Bulley Room 2,Wednesday,7:00 AM - 9:30 AM
FREN 121,French for General Communication I [Sec A],NC,J. Elorm Doufodji,Baobab RM5,Friday,10:00 AM - 12:30 PM
PSYC 105,Introduction to Psychology [Sec A],NC,Akua K. Amponsah,American High,Thursday,10:00 AM - 12:30 PM
SOCI 115,Principles of Sociology [Sec A],NC,Dr. D. Dovie,Baobab RM3,Friday,7:00 AM - 9:30 AM
RELB 163,Life and Teachings of Jesus [Sec A],NC,Dr. F. Tenortey,Baobab RM1,Monday,2:00 PM - 4:30 PM
RELB 163,Life and Teachings of Jesus [Sec C] (SONM),NC,Dr. F. Tenortey,Baoaba RM5,Wednesday,7:00 AM - 9:30 AM
RELB 163,Life and Teachings of Jesus [Sec B],NC,Dr. F. Tenortey,Baobab RM1,Monday,7:00 AM - 9:30 AM
GNED 230,Career Exploration and Planning [Sec A],NC,Ama O. Karikari,Baoaba RM5,Tuesday,2:00 PM - 4:30 PM
GNED 468,Job Search Strategies and Techniques [Sec B],NC,Ama O. Karikari,Bulley Room 5,Thursday,7:00 AM - 9:30 AM
RELG 451,Bible and Family Dynamics [Sec A],NC,Dr. S. Amoh,Boabab RM5,Thursday,10:00 AM - 12:30 PM
RELG 451,Bible and Family Dynamics [Sec B],NC,Dr. J. Andor,Bulley Room 3,Monday,10:00 AM - 12:30 PM
AFST 205,Introduction to African Music [Sec A],NC,E. Boahen,Boabab RM5,Wednesday,7:00 AM - 9:30 AM
AFST 205,Introduction to African Music [Sec B],NC,E. Boahen,Baobab RM5,Wednesday,2:00 PM - 4:30 PM
AFST 243,Chieftaincy and Development [Sec B],NC,F. Opoku,Bulley Room 1,Wednesday,7:00 AM - 9:30 AM
AFST 243,Chieftaincy and Development [Sec A],NC,F. Opoku,Bulley Room 2,Wednesday,2:00 PM - 4:30 PM
COSC 117,Fundamentals of Computing Skills [Sec B],NC,G. Preprah Tanoah,Bulley Room 3,Monday,7:00 AM - 9:30 AM
COSC 117,Fundamentals of Computing Skills [Sec A],NC,G. Preprah Tanoah,Baobab RM3,Tuesday,2:00 PM - 4:30 PM
FREN 122,French for General Communication II [Sec A],NC,J. Rhule,Baoaba RM5,Wednesday,10:00 AM - 12:30 PM
FREN 122,French for General Communication II [Sec B],NC,J. Rhule,Bulley Room 3,Wednesday,2:00 PM - 4:30 PM
RELB 250,Principles of Christian Faith [Sec A],NC,Ps. E. Osei,Bulley Room 1,Tuesday,2:00 PM - 4:30 PM
RELT 385,Introduction to Biblical Foundation of Ethics [Sec A],NC,Ps. E. Takyi,Bulley Room 5,Tuesday,2:00 PM - 4:30 PM
RELT 385,Introduction to Biblical Foundation of Ethics [Sec B],NC,Ps. I. Kyere,Boabab RM5,Wednesday,2:00 PM - 4:30 PM
RELB 250,Principles of Christian Faith [Sec B],NC,Ps. P. Obeng Manu,Bulley Room 4,Wednesday,10:00 AM - 12:30 PM
COSC 370 / INFT 370,Operations Research [Sec A] / Management Science [Sec A],NC,Dr. A. Adu-Sackey,Boabab RM5,Friday,7:00 AM - 9:30 AM
MATH 112,Calculus I [Sec A],NC,Dr. G. Biney,CS LAB,Thursday,2:00 PM - 4:30 PM
MATH 214,Multivariable Calculus [Sec A],NC,Dr. G. Biney,CS1,Tuesday,2:00 PM - 4:30 PM
MATH 121,College Algebra [Sec A],NC,O. Osei-Tutu,American High,Thursday,10:00 AM - 12:30 PM
MATH 101,Algebra [Sec A],NC,Prof. W. Oblitey,Bulley Room 4,Monday,7:00 AM - 9:30 AM
STAT 202,Statistical Methods for Health Sciences [Sec A],NC,O. Osei-Tutu,MET 103,Thursday,7:00 AM - 9:30 AM
STAT 202,Statistical Methods for Health Sciences [HAC Sec A],NC,O. Osei-Tutu,Bulley Room 4,Thursday,2:00 PM - 4:30 PM
STAT 202,Statistical Methods for Health Sciences [Sec B],NC,O. Osei-Tutu,CS LAB,Monday,10:00 AM - 12:30 PM
MATH 171,Introductory Mathematics for Computer Science,NC,Prof. W. Oblitey,CS2,Wednesday,2:00 PM - 4:30 PM
COSC 272 / INFT 372,Data Communication & Computer Network II [Sec A] / Network Project Management,NC,E. Okoe,CS LAB,Tuesday,2:00 PM - 4:30 PM
COSC 130,Digital Electronics [Sec A],NC,E. Okoe,Bulley Room 1,Thursday,10:00 AM - 12:30 PM
COSC 124,Procedural Programming [Sec A],NC,E. Okoe,Boabab RM5,Wednesday,7:00 AM - 9:30 AM
COSC 117,Fundamentals of Computing Skills [Sec B],NC,G. Preprah Tanoah,CS2,Wednesday,10:00 AM - 12:30 PM
BBIS 213,IT for Business (MOS) [Sec A],NC,G. Preprah Tanoah,Bulley Room 1,Monday,10:00 AM - 12:30 PM
COSC 117,Fundamentals of Computing Skills [Sec A],NC,G. Preprah Tanoah,CC3,Tuesday,7:00 AM - 9:30 AM
BBIS 260,Web and Social Management Tools [Sec A],NC,G. Preprah Tanoah,Baobab RM3,Thursday,7:00 AM - 9:30 AM
PHYS 103,Physics [Sec A],NC,J. Okyere Asirifi,MET 103,Wednesday,7:00 AM - 9:30 AM
COSC 470,/ INFT 470 Computer & Cyber Forensics,NC,M. Asare,CH1-1,Tuesday,10:00 AM - 12:30 PM
INFT 446,Systems and Network Administration [Sec A],NC,M. Asare,CC3,Wednesday,7:00 AM - 9:30 AM
INFT 459 / COSC 352,Enterprise Information Security [Sec A] / Computer Security [Sec A],NC,M. Doe,Bulley Room 5,Wednesday,7:00 AM - 9:30 AM
INFT 420,Computer-Human Interaction [Sec A],NC,M. Doe,CS3,Thursday,10:00 AM - 12:30 PM
MATH 172,Discrete & Continuous Mathematics [Sec A],NC,Prof. L. Asiedu,CH3-1&2,Monday,2:00 PM - 4:30 PM
CSCD 119,Introduction to Computer Science [Sec A],NC,Prof. P. Yaw Owusu Amoako,GEN. LAB,Wednesday,2:00 PM - 4:30 PM
COSC 224,Object-Oriented Programming [Sec A],NC,Prof. P. Yaw Owusu Amoako,CS3,Friday,10:00 AM - 12:30 PM
COCS 364 / INFT 364,Research Methods [Sec A],NC,Prof. P. Yaw Owusu Amoako,CS LAB,Thursday,7:00 AM - 9:30 AM
COSC 480,Compiler Design [Sec A],NC,Prof. P. Yaw Owusu Amoako,Baobab RM5,Tuesday,2:00 PM - 4:30 PM
BBIS 226,Business Process Modeling and Workflow [Sec A],NC,Prof. W. Ofoe Larkotey,Bulley Room 5,Tuesday,10:00 AM - 12:30 PM
BBIS 432,IS Consultancy Practices Solution Develop [Sec A],NC,Prof. W. Ofoe Larkotey,Baobab RM3,Monday,10:00 AM - 12:30 PM
RNSG 101,Nursing and Midwifery Informatics [Sec A] [Jan. Batch],NC,R. Amponsah,CS3,Tuesday,10:00 AM - 12:30 PM
COSC 346 / INFT 346,Software Engineering [Sec A] / Software Development Life Cycle [Sec A],NC,R. Amponsah,Bulley Room 3,Tuesday,2:00 PM - 4:30 PM
COSC 113,Elements of Programming [Sec A],NC,R. Amponsah,Baobab RM5,Thursday,2:00 PM - 4:30 PM
INFT 281 / COSC 280 / BBIS 110,Management Information Systems [Sec A] / Information Systems [Sec A] / Introduction to Business Information Systems [Sec A],NC,R. W. Ambeh-Doh,CC3,Thursday,10:00 AM - 12:30 PM
BBIS 338,Enterprise Systems [Sec A],NC,R. W. Ambeh-Doh,Bulley Room 5,Thursday,7:00 AM - 9:30 AM
INFT 115,Information Technology Foundation [Sec A],NC,R. W. Ambeh-Doh,MET 101,Monday,2:00 PM - 4:30 PM
INFT 480 / BBIS 304,Data Warehousing [Sec A] / Business Intelligence and Dataware Housing [Sec A],NC,S. Ganu,Bulley Room 1,Tuesday,10:00 AM - 12:30 PM
BBIS 488,Decision Support Systems [Sec A],NC,S. Ganu,Baobab RM3,Wednesday,10:00 AM - 12:30 PM
COSC 240 / INFT 346,Systems Programming {Sec A] / DotNet Programming [Sec A],NC,S. Ganu,Baobab RM1,Wednesday,7:00 AM - 9:30 AM
INFT 410,Internet-Enabled Applications Systems Development,NC,S. Sebuabe,GEN. LAB,Friday,7:00 AM - 9:30 AM
INFT 340,Computer Vision: Concepts and Application [Sec A],NC,S. Sebuabe,Bulley Room 3,Monday,2:00 PM - 4:30 PM
COSC 250 / BBIS 203,Computer Ethics [Sec A] / IT Professional Ethics and Practice [Sec A],NC,S. Sebuabe,Bulley Room 5,Thursday,2:00 PM - 4:30 PM
STAT 384,Probability and Statistics [Sec A],NC,TBA,MET 103,Tuesday,2:00 PM - 4:30 PM
COSC 370 / INFT 370,Operations Research [Sec A] / Management Science [Sec A],NC,Dr. A. Adu-Sackey,CS2,Friday,10:00 AM - 12:30 PM
MATH 112,Calculus I [Sec A],NC,Dr. G. Biney,Baobab RM3,Tuesday,2:00 PM - 4:30 PM
MATH 214,Multivariable Calculus [Sec A],NC,Dr. G. Biney,Baobab RM5,Thursday,10:00 AM - 12:30 PM
COSC 272 / INFT 372,Data Communication & Computer Network II [Sec A] / Network Project Management,NC,E. Okoe,GEN. LAB,Wednesday,10:00 AM - 12:30 PM
COSC 130,Digital Electronics [Sec A],NC,E. Okoe,Bulley Room 2,Wednesday,7:00 AM - 9:30 AM
COSC 124,Procedural Programming [Sec A],NC,E. Okoe,CS3,Thursday,7:00 AM - 9:30 AM
COSC 117,Fundamentals of Computing Skills [Sec B],NC,G. Preprah Tanoah,CS3,Tuesday,2:00 PM - 4:30 PM
BBIS 213,IT for Business (MOS) [Sec A],NC,G. Preprah Tanoah,Bulley Room 4,Wednesday,10:00 AM - 12:30 PM
COSC 117,Fundamentals of Computing Skills [Sec A],NC,G. Preprah Tanoah,GEN. LAB,Monday,2:00 PM - 4:30 PM
BBIS 260,Web and Social Management Tools [Sec A],NC,G. Preprah Tanoah,Baobab RM1,Thursday,7:00 AM - 9:30 AM
PHYS 103,Physics [Sec A],NC,J. Okyere Asirifi,CH1-1,Tuesday,7:00 AM - 9:30 AM
COSC 470,/ INFT 470 Computer & Cyber Forensics,NC,M. Asare,Bulley Room 3,Wednesday,10:00 AM - 12:30 PM
INFT 446,Systems and Network Administration [Sec A],NC,M. Asare,Baobab RM5,Thursday,2:00 PM - 4:30 PM
INFT 459 / COSC 352,Enterprise Information Security [Sec A] / Computer Security [Sec A],NC,M. Doe,CS LAB,Monday,7:00 AM - 9:30 AM
INFT 420,Computer-Human Interaction [Sec A],NC,M. Doe,CC3,Tuesday,10:00 AM - 12:30 PM
STAT 202,Statistical Methods for Health Sciences [Sec A],NC,O. Osei-Tutu,GEN. LAB,Thursday,7:00 AM - 9:30 AM
STAT 202,Statistical Methods for Health Sciences [HAC Sec A],NC,O. Osei-Tutu,MET 101,Thursday,2:00 PM - 4:30 PM
MATH 121,College Algebra [Sec A],NC,O. Osei-Tutu,CS2,Thursday,10:00 AM - 12:30 PM
STAT 202,Statistical Methods for Health Sciences [Sec B],NC,O. Osei-Tutu,CH1-1,Wednesday,2:00 PM - 4:30 PM
MATH 101,Algebra [Sec A],NC,Prof. W. Oblitey,CS1,Monday,2:00 PM - 4:30 PM
MATH 171,Introductory Mathematics for Computer Science,NC,Prof. W. Oblitey,Baobab RM1,Wednesday,10:00 AM - 12:30 PM
MATH 172,Discrete & Continuous Mathematics [Sec A],NC,Prof. L. Asiedu,Baobab RM3,Thursday,2:00 PM - 4:30 PM
CSCD 119,Introduction to Computer Science [Sec A],NC,Prof. P. Yaw Owusu Amoako,Bulley Room 1,Wednesday,2:00 PM - 4:30 PM
COSC 224,Object-Oriented Programming [Sec A],NC,Prof. P. Yaw Owusu Amoako,Baobab RM1,Tuesday,7:00 AM - 9:30 AM
COCS 364 / INFT 364,Research Methods [Sec A],NC,Prof. P. Yaw Owusu Amoako,Bulley Room 4,Tuesday,2:00 PM - 4:30 PM
COSC 480,Compiler Design [Sec A],NC,Prof. P. Yaw Owusu Amoako,Bulley Room 5,Thursday,2:00 PM - 4:30 PM
BBIS 226,Business Process Modeling and Workflow [Sec A],NC,Prof. W. Ofoe Larkotey,GEN. LAB,Tuesday,7:00 AM - 9:30 AM
BBIS 432,IS Consultancy Practices Solution Develop [Sec A],NC,Prof. W. Ofoe Larkotey,Bulley Room 4,Monday,10:00 AM - 12:30 PM
RNSG 101,Nursing and Midwifery Informatics [Sec A] [Jan. Batch],NC,R. Amponsah,Boabab RM5,Wednesday,2:00 PM - 4:30 PM
COSC 346 / INFT 346,Software Engineering [Sec A] / Software Development Life Cycle [Sec A],NC,R. Amponsah,CS1,Thursday,2:00 PM - 4:30 PM
COSC 113,Elements of Programming [Sec A],NC,R. Amponsah,CH1-1,Wednesday,7:00 AM - 9:30 AM
INFT 281 / COSC 280 / BBIS 110,Management Information Systems [Sec A] / Information Systems [Sec A] / Introduction to Business Information Systems [Sec A],NC,R. W. Ambeh-Doh,Baobab RM1,Monday,10:00 AM - 12:30 PM
BBIS 338,Enterprise Systems [Sec A],NC,R. W. Ambeh-Doh,American High,Thursday,2:00 PM - 4:30 PM
INFT 115,Information Technology Foundation [Sec A],NC,R. W. Ambeh-Doh,Bulley Room 5,Monday,2:00 PM - 4:30 PM
INFT 480 / BBIS 304,Data Warehousing [Sec A] / Business Intelligence and Dataware Housing [Sec A],NC,S. Ganu,CS LAB,Tuesday,2:00 PM - 4:30 PM
BBIS 488,Decision Support Systems [Sec A],NC,S. Ganu,Bulley Room 4,Tuesday,10:00 AM - 12:30 PM
COSC 240 / INFT 346,Systems Programming [Sec A] / DotNet Programming [Sec A],NC,S. Ganu,CS3,Tuesday,7:00 AM - 9:30 AM
INFT 410,Internet-Enabled Applications Systems Development,NC,S. Sebuabe,Baobab RM3,Thursday,10:00 AM - 12:30 PM
INFT 340,Computer Vision: Concepts and Application [Sec A],NC,S. Sebuabe,Baobab RM3,Wednesday,2:00 PM - 4:30 PM
COSC 250 / BBIS 203,Computer Ethics [Sec A] / IT Professional Ethics and Practice [Sec A],NC,S. Sebuabe,CS LAB,Friday,7:00 AM - 9:30 AM
STAT 384,Probability and Statistics [Sec A],NC,TBA,Boabab RM5,Tuesday,10:00 AM - 12:30 PM
COSC 370 / INFT 370,Operations Research [Sec A] / Management Science [Sec A],3.0,Dr. A. Adu-Sackey,Bulley Room 4,Friday,10:00 AM - 12:30 PM
MATH 112,Calculus I [Sec A],3.0,Dr. G. Biney,Bulley Room 5,Thursday,7:00 AM - 9:30 AM
MATH 214,Multivariable Calculus [Sec A],3.0,Dr. G. Biney,CS1,Tuesday,10:00 AM - 12:30 PM
COSC 272 / INFT 372,Data Communication & Computer Network II [Sec A] / Network Project Management,3.0,E. Okoe,Baobab RM1,Wednesday,2:00 PM - 4:30 PM
COSC 130,Digital Electronics [Sec A],3.0,E. Okoe,Bulley Room 5,Wednesday,7:00 AM - 9:30 AM
COSC 124,Procedural Programming [Sec A],3.0,E. Okoe,CS1,Tuesday,2:00 PM - 4:30 PM
COSC 117,Fundamentals of Computing Skills [Sec B],3.0,G. Preprah Tanoah,Bulley Room 4,Thursday,10:00 AM - 12:30 PM
BBIS 213,IT for Business (MOS) [Sec A],3.0,G. Preprah Tanoah,Baobab RM3,Tuesday,7:00 AM - 9:30 AM
COSC 117,Fundamentals of Computing Skills [Sec A],3.0,G. Preprah Tanoah,Bulley Room 3,Wednesday,7:00 AM - 9:30 AM
BBIS 260,Web and Social Management Tools [Sec A],3.0,G. Preprah Tanoah,CH1-1,Monday,2:00 PM - 4:30 PM
PHYS 103,Physics [Sec A],3.0,J. Okyere Asirifi,Bulley Room 3,Wednesday,2:00 PM - 4:30 PM
COSC 470,/ INFT 470 Computer & Cyber Forensics,3.0,M. Asare,Bulley Room 3,Thursday,7:00 AM - 9:30 AM
INFT 446,Systems and Network Administration [Sec A],3.0,M. Asare,CS LAB,Thursday,10:00 AM - 12:30 PM
INFT 459 / COSC 352,Enterprise Information Security [Sec A] / Computer Security [Sec A],3.0,M. Doe,CS2,Thursday,10:00 AM - 12:30 PM
INFT 420,Computer-Human Interaction [Sec A],3.0,M. Doe,CH1-1,Thursday,2:00 PM - 4:30 PM
STAT 202,Statistical Methods for Health Sciences [Sec A],3.0,O. Osei-Tutu,Bulley Room 5,Thursday,2:00 PM - 4:30 PM
STAT 202,Statistical Methods for Health Sciences [HAC Sec A],3.0,O. Osei-Tutu,Bulley Room 4,Thursday,7:00 AM - 9:30 AM
MATH 121,College Algebra [Sec A],3.0,O. Osei-Tutu,CC3,Thursday,10:00 AM - 12:30 PM
STAT 202,Statistical Methods for Health Sciences [Sec B],3.0,O. Osei-Tutu,MET 101,Monday,10:00 AM - 12:30 PM
MATH 172,Discrete & Continuous Mathematics [Sec A],3.0,Prof. L. Asiedu,CH3-1&2,Tuesday,10:00 AM - 12:30 PM
CSCD 119,Introduction to Computer Science [Sec A],3.0,Prof. P. Yaw Owusu Amoako,CS3,Wednesday,7:00 AM - 9:30 AM
COSC 224,Object-Oriented Programming [Sec A],3.0,Prof. P. Yaw Owusu Amoako,Baobab RM3,Tuesday,2:00 PM - 4:30 PM
COCS 364 / INFT 364,Research Methods [Sec A],3.0,Prof. P. Yaw Owusu Amoako,Baobab RM3,Monday,10:00 AM - 12:30 PM
COSC 480,Compiler Design [Sec A],3.0,Prof. P. Yaw Owusu Amoako,Bulley Room 3,Monday,2:00 PM - 4:30 PM
MATH 101,Algebra [Sec A],3.0,Prof. W. Oblitey,MET 103,Tuesday,10:00 AM - 12:30 PM
MATH 171,Introductory Mathematics for Computer Science,3.0,Prof. W. Oblitey,Baobab RM3,Wednesday,7:00 AM - 9:30 AM
BBIS 226,Business Process Modeling and Workflow [Sec A],3.0,Prof. W. Ofoe Larkotey,CS3,Thursday,10:00 AM - 12:30 PM
BBIS 432,IS Consultancy Practices Solution Develop [Sec A],3.0,Prof. W. Ofoe Larkotey,American High,Tuesday,2:00 PM - 4:30 PM
RNSG 101,Nursing and Midwifery Informatics [Sec A] [Jan. Batch],3.0,R. Amponsah,Bulley Room 4,Thursday,2:00 PM - 4:30 PM
COSC 346 / INFT 346,Software Engineering [Sec A] / Software Development Life Cycle [Sec A],3.0,R. Amponsah,Bulley Room 4,Tuesday,7:00 AM - 9:30 AM
COSC 113,Elements of Programming [Sec A],3.0,R. Amponsah,Bulley Room 1,Wednesday,7:00 AM - 9:30 AM
INFT 281 / COSC 280 / BBIS 110,Management Information Systems [Sec A] / Information Systems [Sec A] / Introduction to Business Information Systems [Sec A],3.0,R. W. Ambeh-Doh,CH3-1&2,Wednesday,7:00 AM - 9:30 AM
BBIS 338,Enterprise Systems [Sec A],3.0,R. W. Ambeh-Doh,Bulley Room 5,Wednesday,2:00 PM - 4:30 PM
INFT 115,Information Technology Foundation [Sec A],3.0,R. W. Ambeh-Doh,GEN. LAB,Thursday,2:00 PM - 4:30 PM
INFT 480 / BBIS 304,Data Warehousing [Sec A] / Business Intelligence and Dataware Housing [Sec A],3.0,S. Ganu,MET 103,Wednesday,10:00 AM - 12:30 PM
BBIS 488,Decision Support Systems [Sec A],3.0,S. Ganu,CS2,Tuesday,2:00 PM - 4:30 PM
COSC 240 / INFT 346,Systems Programming [Sec A] / DotNet Programming [Sec A],3.0,S. Ganu,Bulley Room 1,Tuesday,10:00 AM - 12:30 PM
INFT 410,Internet-Enabled Applications Systems Development,3.0,S. Sebuabe,Bulley Room 5,Monday,7:00 AM - 9:30 AM
INFT 340,Computer Vision: Concepts and Application [Sec A],3.0,S. Sebuabe,Bulley Room 3,Thursday,2:00 PM - 4:30 PM
COSC 250 / BBIS 203,Computer Ethics [Sec A] / IT Professional Ethics and Practice [Sec A],3.0,S. Sebuabe,GEN. LAB,Tuesday,10:00 AM - 12:30 PM
STAT 384,Probability and Statistics [Sec A],3.0,TBA,Bulley Room 4,Tuesday,2:00 PM - 4:30 PM
COSC 370 / INFT 370,Operations Research [Sec A] / Management Science [Sec A],3.0,Dr. A. Adu-Sackey,Baobab RM1,Monday,2:00 PM - 4:30 PM
MATH 112,Calculus I [Sec A],3.0,Dr. G. Biney,Boabab RM5,Thursday,7:00 AM - 9:30 AM
MATH 214,Multivariable Calculus [Sec A],3.0,Dr. G. Biney,Bulley Room 1,Wednesday,7:00 AM - 9:30 AM
COSC 272 / INFT 372,Data Communication & Computer Network II [Sec A] / Network Project Management,3.0,E. Okoe,Baobab RM1,Thursday,10:00 AM - 12:30 PM
COSC 130,Digital Electronics [Sec A],3.0,E. Okoe,Bulley Room 5,Wednesday,10:00 AM - 12:30 PM
COSC 124,Procedural Programming [Sec A],3.0,E. Okoe,Baobab RM3,Wednesday,7:00 AM - 9:30 AM
COSC 117,Fundamentals of Computing Skills [Sec B],3.0,G. Preprah Tanoah,CS1,Tuesday,7:00 AM - 9:30 AM
BBIS 213,IT for Business (MOS) [Sec A],3.0,G. Preprah Tanoah,MET 101,Monday,7:00 AM - 9:30 AM
COSC 117,Fundamentals of Computing Skills [Sec A],3.0,G. Preprah Tanoah,CS1,Wednesday,10:00 AM - 12:30 PM
BBIS 260,Web and Social Management Tools [Sec A],3.0,G. Preprah Tanoah,CH1-1,Tuesday,10:00 AM - 12:30 PM
PHYS 103,Physics [Sec A],3.0,J. Okyere Asirifi,Baobab RM1,Friday,7:00 AM - 9:30 AM
COSC 470,/ INFT 470 Computer & Cyber Forensics,3.0,M. Asare,GEN. LAB,Tuesday,2:00 PM - 4:30 PM
INFT 446,Systems and Network Administration [Sec A],3.0,M. Asare,Boabab RM5,Thursday,10:00 AM - 12:30 PM
INFT 459 / COSC 352,Enterprise Information Security [Sec A] / Computer Security [Sec A],3.0,M. Doe,CC3,Friday,7:00 AM - 9:30 AM
INFT 420,Computer-Human Interaction [Sec A],3.0,M. Doe,Bulley Room 2,Friday,10:00 AM - 12:30 PM
STAT 202,Statistical Methods for Health Sciences [Sec A],3.0,O. Osei-Tutu,GEN. LAB,Tuesday,7:00 AM - 9:30 AM
STAT 202,Statistical Methods for Health Sciences [HAC Sec A],3.0,O. Osei-Tutu,CH1-1,Tuesday,2:00 PM - 4:30 PM
MATH 121,College Algebra [Sec A],3.0,O. Osei-Tutu,CC3,Wednesday,7:00 AM - 9:30 AM
STAT 202,Statistical Methods for Health Sciences [Sec B],3.0,O. Osei-Tutu,American High,Wednesday,2:00 PM - 4:30 PM
MATH 101,Algebra [Sec A],3.0,Prof. W. Oblitey,American High,Monday,10:00 AM - 12:30 PM
MATH 171,Introductory Mathematics for Computer Science,3.0,Prof. W. Oblitey,Baobab RM5,Monday,2:00 PM - 4:30 PM
MATH 172,Discrete & Continuous Mathematics [Sec A],3.0,Prof. L. Asiedu,American High,Friday,7:00 AM - 9:30 AM
CSCD 119,Introduction to Computer Science [Sec A],3.0,Prof. P. Yaw Owusu Amoako,GEN. LAB,Tuesday,10:00 AM - 12:30 PM
COSC 224,Object-Oriented Programming [Sec A],3.0,Prof. P. Yaw Owusu Amoako,American High,Tuesday,7:00 AM - 9:30 AM
COCS 364 / INFT 364,Research Methods [Sec A],3.0,Prof. P. Yaw Owusu Amoako,CS LAB,Monday,10:00 AM - 12:30 PM
COSC 480,Compiler Design [Sec A],3.0,Prof. P. Yaw Owusu Amoako,CS LAB,Monday,2:00 PM - 4:30 PM
BBIS 226,Business Process Modeling and Workflow [Sec A],3.0,Prof. W. Ofoe Larkotey,Bulley Room 5,Tuesday,10:00 AM - 12:30 PM
BBIS 432,IS Consultancy Practices Solution Develop [Sec A],3.0,Prof. W. Ofoe Larkotey,Baobab RM3,Tuesday,2:00 PM - 4:30 PM
RNSG 101,Nursing and Midwifery Informatics [Sec A] [Jan. Batch],3.0,R. Amponsah,CC3,Wednesday,2:00 PM - 4:30 PM
COSC 346 / INFT 346,Software Engineering [Sec A] / Software Development Life Cycle [Sec A],3.0,R. Amponsah,Bulley Room 2,Thursday,7:00 AM - 9:30 AM
COSC 113,Elements of Programming [Sec A],3.0,R. Amponsah,MET 103,Tuesday,2:00 PM - 4:30 PM
INFT 281 / COSC 280 / BBIS 110,Management Information Systems [Sec A] / Information Systems [Sec A] / Introduction to Business Information Systems [Sec A],3.0,R. W. Ambeh-Doh,Bulley Room 1,Wednesday,10:00 AM - 12:30 PM
BBIS 338,Enterprise Systems [Sec A],3.0,R. W. Ambeh-Doh,Baobab RM5,Wednesday,7:00 AM - 9:30 AM
INFT 115,Information Technology Foundation [Sec A],3.0,R. W. Ambeh-Doh,MET 103,Thursday,10:00 AM - 12:30 PM
INFT 480 / BBIS 304,Data Warehousing [Sec A] / Business Intelligence and Dataware Housing [Sec A],3.0,S. Ganu,CS3,Wednesday,7:00 AM - 9:30 AM
BBIS 488,Decision Support Systems [Sec A],3.0,S. Ganu,CH3-1&2,Wednesday,2:00 PM - 4:30 PM
COSC 240 / INFT 346,Systems Programming [Sec A] / DotNet Programming [Sec A],3.0,S. Ganu,Bulley Room 4,Tuesday,2:00 PM - 4:30 PM
INFT 410,Internet-Enabled Applications Systems Development,3.0,S. Sebuabe,CS1,Monday,7:00 AM - 9:30 AM
INFT 340,Computer Vision: Concepts and Application [Sec A],3.0,S. Sebuabe,CS3,Wednesday,10:00 AM - 12:30 PM
COSC 250 / BBIS 203,Computer Ethics [Sec A] / IT Professional Ethics and Practice [Sec A],3.0,S. Sebuabe,Bulley Room 3,Tuesday,2:00 PM - 4:30 PM
STAT 384,Probability and Statistics [Sec A],3.0,TBA,MET 103,Wednesday,2:00 PM - 4:30 PM
COSC 370 / INFT 370,Operations Research [Sec A] / Management Science [Sec A],3.0,Dr. A. Adu-Sackey,CH3-1&2,Monday,7:00 AM - 9:30 AM
MATH 112,Calculus I [Sec A],3.0,Dr. G. Biney,CS2,Monday,7:00 AM - 9:30 AM
MATH 214,Multivariable Calculus [Sec A],3.0,Dr. G. Biney,CC3,Wednesday,10:00 AM - 12:30 PM
MATH 121,College Algebra [Sec A],3.0,O. Osei-Tutu,Baobab RM3,Wednesday,7:00 AM - 9:30 AM
MATH 101,Algebra [Sec A],3.0,Prof. W. Oblitey,Baobab RM3,Tuesday,10:00 AM - 12:30 PM
STAT 202,Statistical Methods for Health Sciences [Sec A],3.0,O. Osei-Tutu,Bulley Room 1,Wednesday,10:00 AM - 12:30 PM
STAT 202,Statistical Methods for Health Sciences [HAC Sec A],3.0,O. Osei-Tutu,Baobab RM1,Friday,7:00 AM - 9:30 AM
STAT 202,Statistical Methods for Health Sciences [Sec B],3.0,O. Osei-Tutu,American High,Monday,7:00 AM - 9:30 AM
MATH 171,Introductory Mathematics for Computer Science,3.0,Prof. W. Oblitey,CS3,Wednesday,7:00 AM - 9:30 AM
COSC 272 / INFT 372,Data Communication & Computer Network II [Sec A] / Network Project Management,3.0,E. Okoe,CH3-1&2,Wednesday,2:00 PM - 4:30 PM
COSC 130,Digital Electronics [Sec A],3.0,E. Okoe,CS LAB,Thursday,2:00 PM - 4:30 PM
COSC 124,Procedural Programming [Sec A],3.0,E. Okoe,CS2,Wednesday,7:00 AM - 9:30 AM
COSC 117,Fundamentals of Computing Skills [Sec B],3.0,G. Preprah Tanoah,MET 101,Wednesday,10:00 AM - 12:30 PM
BBIS 213,IT for Business (MOS) [Sec A],3.0,G. Preprah Tanoah,Baobab RM5,Wednesday,2:00 PM - 4:30 PM
COSC 117,Fundamentals of Computing Skills [Sec A],3.0,G. Preprah Tanoah,Bulley Room 4,Tuesday,10:00 AM - 12:30 PM
BBIS 260,Web and Social Management Tools [Sec A],3.0,G. Preprah Tanoah,CC3,Monday,10:00 AM - 12:30 PM
PHYS 103,Physics [Sec A],3.0,J. Okyere Asirifi,Boabab RM5,Thursday,10:00 AM - 12:30 PM
COSC 470,/ INFT 470 Computer & Cyber Forensics,3.0,M. Asare,Boabab RM5,Wednesday,10:00 AM - 12:30 PM
INFT 446,Systems and Network Administration [Sec A],3.0,M. Asare,Baobab RM1,Tuesday,7:00 AM - 9:30 AM
INFT 459 / COSC 352,Enterprise Information Security [Sec A] / Computer Security [Sec A],3.0,M. Doe,CS2,Tuesday,7:00 AM - 9:30 AM
INFT 420,Computer-Human Interaction [Sec A],3.0,M. Doe,CC3,Friday,10:00 AM - 12:30 PM
MATH 172,Discrete & Continuous Mathematics [Sec A],3.0,Prof. L. Asiedu,CC3,Wednesday,2:00 PM - 4:30 PM
CSCD 119,Introduction to Computer Science [Sec A],3.0,Prof. P. Yaw Owusu Amoako,Boabab RM5,Friday,7:00 AM - 9:30 AM
COSC 224,Object-Oriented Programming [Sec A],3.0,Prof. P. Yaw Owusu Amoako,Bulley Room 1,Thursday,2:00 PM - 4:30 PM
COCS 364 / INFT 364,Research Methods [Sec A],3.0,Prof. P. Yaw Owusu Amoako,MET 103,Tuesday,10:00 AM - 12:30 PM
COSC 480,Compiler Design [Sec A],3.0,Prof. P. Yaw Owusu Amoako,CH1-1,Wednesday,10:00 AM - 12:30 PM
BBIS 226,Business Process Modeling and Workflow [Sec A],3.0,Prof. W. Ofoe Larkotey,CC3,Tuesday,10:00 AM - 12:30 PM
BBIS 432,IS Consultancy Practices Solution Develop [Sec A],3.0,Prof. W. Ofoe Larkotey,GEN. LAB,Tuesday,7:00 AM - 9:30 AM
RNSG 101,Nursing and Midwifery Informatics [Sec A] [Jan. Batch],3.0,R. Amponsah,CS2,Thursday,2:00 PM - 4:30 PM
COSC 346 / INFT 346,Software Engineering [Sec A] / Software Development Life Cycle [Sec A],3.0,R. Amponsah,Baobab RM5,Wednesday,10:00 AM - 12:30 PM
COSC 113,Elements of Programming [Sec A],3.0,R. Amponsah,CS3,Tuesday,10:00 AM - 12:30 PM
INFT 281 / COSC 280 / BBIS 110,Management Information Systems [Sec A] / Information Systems [Sec A] / Introduction to Business Information Systems [Sec A],3.0,R. W. Ambeh-Doh,Bulley Room 3,Wednesday,2:00 PM - 4:30 PM
BBIS 338,Enterprise Systems [Sec A],3.0,R. W. Ambeh-Doh,MET 103,Wednesday,7:00 AM - 9:30 AM
INFT 115,Information Technology Foundation [Sec A],3.0,R. W. Ambeh-Doh,CS3,Wednesday,10:00 AM - 12:30 PM
INFT 480 / BBIS 304,Data Warehousing [Sec A] / Business Intelligence and Dataware Housing [Sec A],3.0,S. Ganu,CH3-1&2,Monday,2:00 PM - 4:30 PM
BBIS 488,Decision Support Systems [Sec A],3.0,S. Ganu,Bulley Room 3,Thursday,2:00 PM - 4:30 PM
COSC 240 / INFT 346,Systems Programming {Sec A] / DotNet Programming [Sec A],3.0,S. Ganu,American High,Wednesday,10:00 AM - 12:30 PM
INFT 410,Internet-Enabled Applications Systems Development,3.0,S. Sebuabe,Boabab RM5,Tuesday,2:00 PM - 4:30 PM
INFT 340,Computer Vision: Concepts and Application [Sec A],3.0,S. Sebuabe,CS LAB,Wednesday,2:00 PM - 4:30 PM
COSC 250 / BBIS 203,Computer Ethics [Sec A] / IT Professional Ethics and Practice [Sec A],3.0,S. Sebuabe,Baobab RM5,Friday,10:00 AM - 12:30 PM
STAT 384,Probability and Statistics [Sec A],3.0,TBA,Bulley Room 5,Thursday,2:00 PM - 4:30 PM
COSC 370 / INFT 370,Operations Research [Sec A] / Management Science [Sec A],3.0,Dr. A. Adu-Sackey,Bulley Room 1,Thursday,7:00 AM - 9:30 AM
MATH 112,Calculus I [Sec A],3.0,Dr. G. Biney,American High,Thursday,2:00 PM - 4:30 PM
MATH 214,Multivariable Calculus [Sec A],3.0,Dr. G. Biney,Bulley Room 1,Wednesday,7:00 AM - 9:30 AM
MATH 121,College Algebra [Sec A],3.0,O. Osei-Tutu,Bulley Room 5,Monday,10:00 AM - 12:30 PM
MATH 101,Algebra [Sec A],3.0,Prof. W. Oblitey,Boabab RM5,Tuesday,10:00 AM - 12:30 PM
STAT 202,Statistical Methods for Health Sciences [Sec A],3.0,O. Osei-Tutu,Boabab RM5,Wednesday,7:00 AM - 9:30 AM
STAT 202,Statistical Methods for Health Sciences [HAC Sec A],3.0,O. Osei-Tutu,CS1,Monday,2:00 PM - 4:30 PM
STAT 202,Statistical Methods for Health Sciences [Sec B],3.0,O. Osei-Tutu,CH3-1&2,Tuesday,10:00 AM - 12:30 PM
MATH 171,Introductory Mathematics for Computer Science,3.0,Prof. W. Oblitey,CH1-1,Wednesday,10:00 AM - 12:30 PM
COSC 272 / INFT 372,Data Communication & Computer Network II [Sec A] / Network Project Management,3.0,E. Okoe,Baobab RM1,Tuesday,2:00 PM - 4:30 PM
COSC 130,Digital Electronics [Sec A],3.0,E. Okoe,Bulley Room 4,Wednesday,7:00 AM - 9:30 AM
COSC 124,Procedural Programming [Sec A],3.0,E. Okoe,CS LAB,Wednesday,10:00 AM - 12:30 PM
COSC 117,Fundamentals of Computing Skills [Sec B],3.0,G. Preprah Tanoah,CS3,Wednesday,7:00 AM - 9:30 AM
BBIS 213,IT for Business (MOS) [Sec A],3.0,G. Preprah Tanoah,CH1-1,Tuesday,2:00 PM - 4:30 PM
COSC 117,Fundamentals of Computing Skills [Sec A],3.0,G. Preprah Tanoah,CH3-1&2,Friday,7:00 AM - 9:30 AM
BBIS 260,Web and Social Management Tools [Sec A],3.0,G. Preprah Tanoah,Bulley Room 5,Wednesday,2:00 PM - 4:30 PM
PHYS 103,Physics [Sec A],3.0,J. Okyere Asirifi,MET 103,Friday,10:00 AM - 12:30 PM
COSC 470,/ INFT 470 Computer & Cyber Forensics,3.0,M. Asare,MET 103,Wednesday,10:00 AM - 12:30 PM
INFT 446,Systems and Network Administration [Sec A],3.0,M. Asare,GEN. LAB,Tuesday,10:00 AM - 12:30 PM
INFT 459 / COSC 352,Enterprise Information Security [Sec A] / Computer Security [Sec A],3.0,M. Doe,MET 103,Wednesday,2:00 PM - 4:30 PM
INFT 420,Computer-Human Interaction [Sec A],3.0,M. Doe,MET 103,Thursday,2:00 PM - 4:30 PM
MATH 172,Discrete & Continuous Mathematics [Sec A],3.0,Prof. L. Asiedu,Baobab RM5,Wednesday,10:00 AM - 12:30 PM
CSCD 119,Introduction to Computer Science [Sec A],3.0,Prof. P. Yaw Owusu Amoako,Bulley Room 2,Monday,10:00 AM - 12:30 PM
COSC 224,Object-Oriented Programming [Sec A],3.0,Prof. P. Yaw Owusu Amoako,CS2,Friday,7:00 AM - 9:30 AM
COCS 364 / INFT 364,Research Methods [Sec A],3.0,Prof. P. Yaw Owusu Amoako,Baobab RM3,Thursday,10:00 AM - 12:30 PM
COSC 480,Compiler Design [Sec A],3.0,Prof. P. Yaw Owusu Amoako,Bulley Room 4,Tuesday,10:00 AM - 12:30 PM
BBIS 226,Business Process Modeling and Workflow [Sec A],3.0,Prof. W. Ofoe Larkotey,CS3,Wednesday,2:00 PM - 4:30 PM
BBIS 432,IS Consultancy Practices Solution Develop [Sec A],3.0,Prof. W. Ofoe Larkotey,CS1,Wednesday,10:00 AM - 12:30 PM
RNSG 101,Nursing and Midwifery Informatics [Sec A] [Jan. Batch],3.0,R. Amponsah,CS2,Wednesday,2:00 PM - 4:30 PM
COSC 346 / INFT 346,Software Engineering [Sec A] / Software Development Life Cycle [Sec A],3.0,R. Amponsah,CS2,Wednesday,10:00 AM - 12:30 PM
COSC 113,Elements of Programming [Sec A],3.0,R. Amponsah,CS1,Thursday,7:00 AM - 9:30 AM
INFT 281 / COSC 280 / BBIS 110,Management Information Systems [Sec A] / Information Systems [Sec A] / Introduction to Business Information Systems [Sec A],3.0,R. W. Ambeh-Doh,MET 101,Thursday,10:00 AM - 12:30 PM
BBIS 338,Enterprise Systems [Sec A],3.0,R. W. Ambeh-Doh,GEN. LAB,Monday,7:00 AM - 9:30 AM
INFT 115,Information Technology Foundation [Sec A],3.0,R. W. Ambeh-Doh,CS LAB,Thursday,7:00 AM - 9:30 AM
INFT 480 / BBIS 304,Data Warehousing [Sec A] / Business Intelligence and Dataware Housing [Sec A],3.0,S. Ganu,American High,Friday,10:00 AM - 12:30 PM
BBIS 488,Decision Support Systems [Sec A],3.0,S. Ganu,Bulley Room 5,Thursday,2:00 PM - 4:30 PM
COSC 240 / INFT 346,Systems Programming {Sec A] / DotNet Programming [Sec A],3.0,S. Ganu,Baobab RM1,Tuesday,10:00 AM - 12:30 PM
INFT 410,Internet-Enabled Applications Systems Development,3.0,S. Sebuabe,MET 103,Monday,2:00 PM - 4:30 PM
INFT 340,Computer Vision: Concepts and Application [Sec A],3.0,S. Sebuabe,Bulley Room 1,Wednesday,10:00 AM - 12:30 PM
COSC 250 / BBIS 203,Computer Ethics [Sec A] / IT Professional Ethics and Practice [Sec A],3.0,S. Sebuabe,MET 103,Tuesday,10:00 AM - 12:30 PM
STAT 384,Probability and Statistics [Sec A],3.0,TBA,GEN. LAB,Thursday,7:00 AM - 9:30 AM
COSC 370 / INFT 370,Operations Research [Sec A] / Management Science [Sec A],3.0,Dr. A. Adu-Sackey,Baobab RM1,Tuesday,7:00 AM - 9:30 AM
MATH 112,Calculus I [Sec A],3.0,Dr. G. Biney,CH3-1&2,Tuesday,10:00 AM - 12:30 PM
MATH 214,Multivariable Calculus [Sec A],3.0,Dr. G. Biney,Bulley Room 4,Thursday,10:00 AM - 12:30 PM
MATH 121,College Algebra [Sec A],3.0,O. Osei-Tutu,Baobab RM1,Monday,2:00 PM - 4:30 PM
MATH 101,Algebra [Sec A],3.0,Prof. W. Oblitey,Bulley Room 2,Wednesday,7:00 AM - 9:30 AM
STAT 202,Statistical Methods for Health Sciences [Sec A],3.0,O. Osei-Tutu,Baobab RM1,Friday,7:00 AM - 9:30 AM
STAT 202,Statistical Methods for Health Sciences [HAC Sec A],3.0,O. Osei-Tutu,CH1-1,Thursday,10:00 AM - 12:30 PM
STAT 202,Statistical Methods for Health Sciences [Sec B],3.0,O. Osei-Tutu,CC3,Tuesday,10:00 AM - 12:30 PM
MATH 171,Introductory Mathematics for Computer Science,3.0,Prof. W. Oblitey,GEN. LAB,Tuesday,7:00 AM - 9:30 AM
COSC 272 / INFT 372,Data Communication & Computer Network II [Sec A] / Network Project Management,3.0,E. Okoe,CS2,Wednesday,2:00 PM - 4:30 PM
COSC 130,Digital Electronics [Sec A],3.0,E. Okoe,MET 101,Wednesday,7:00 AM - 9:30 AM
COSC 124,Procedural Programming [Sec A],3.0,E. Okoe,MET 103,Thursday,2:00 PM - 4:30 PM
COSC 117,Fundamentals of Computing Skills [Sec B],3.0,G. Preprah Tanoah,Baobab RM5,Wednesday,10:00 AM - 12:30 PM
BBIS 213,IT for Business (MOS) [Sec A],3.0,G. Preprah Tanoah,MET 103,Thursday,7:00 AM - 9:30 AM
COSC 117,Fundamentals of Computing Skills [Sec A],3.0,G. Preprah Tanoah,CS3,Thursday,2:00 PM - 4:30 PM
BBIS 260,Web and Social Management Tools [Sec A],3.0,G. Preprah Tanoah,American High,Friday,10:00 AM - 12:30 PM
PHYS 103,Physics [Sec A],3.0,J. Okyere Asirifi,Boabab RM5,Tuesday,10:00 AM - 12:30 PM
COSC 470,/ INFT 470 Computer & Cyber Forensics,3.0,M. Asare,Baobab RM5,Thursday,7:00 AM - 9:30 AM
INFT 446,Systems and Network Administration [Sec A],3.0,M. Asare,American High,Wednesday,10:00 AM - 12:30 PM
INFT 459 / COSC 352,Enterprise Information Security [Sec A] / Computer Security [Sec A],3.0,M. Doe,Baobab RM1,Wednesday,7:00 AM - 9:30 AM
INFT 420,Computer-Human Interaction [Sec A],3.0,M. Doe,MET 103,Friday,10:00 AM - 12:30 PM
MATH 172,Discrete & Continuous Mathematics [Sec A],3.0,Prof. L. Asiedu,CS3,Thursday,10:00 AM - 12:30 PM
CSCD 119,Introduction to Computer Science [Sec A],3.0,Prof. P. Yaw Owusu Amoako,Bulley Room 1,Thursday,10:00 AM - 12:30 PM
COSC 224,Object-Oriented Programming [Sec A],3.0,Prof. P. Yaw Owusu Amoako,Boabab RM5,Monday,2:00 PM - 4:30 PM
COCS 364 / INFT 364,Research Methods [Sec A],3.0,Prof. P. Yaw Owusu Amoako,Bulley Room 1,Friday,7:00 AM - 9:30 AM
COSC 480,Compiler Design [Sec A],3.0,Prof. P. Yaw Owusu Amoako,MET 103,Monday,7:00 AM - 9:30 AM
BBIS 226,Business Process Modeling and Workflow [Sec A],3.0,Prof. W. Ofoe Larkotey,Bulley Room 4,Tuesday,7:00 AM - 9:30 AM
BBIS 432,IS Consultancy Practices Solution Develop [Sec A],3.0,Prof. W. Ofoe Larkotey,CC3,Friday,10:00 AM - 12:30 PM
RNSG 101,Nursing and Midwifery Informatics [Sec A] [Jan. Batch],3.0,R. Amponsah,Baobab RM5,Wednesday,7:00 AM - 9:30 AM
COSC 346 / INFT 346,Software Engineering [Sec A] / Software Development Life Cycle [Sec A],3.0,R. Amponsah,MET 103,Thursday,10:00 AM - 12:30 PM
COSC 113,Elements of Programming [Sec A],3.0,R. Amponsah,CH1-1,Tuesday,10:00 AM - 12:30 PM
INFT 281 / COSC 280 / BBIS 110,Management Information Systems [Sec A] / Information Systems [Sec A] / Introduction to Business Information Systems [Sec A],3.0,R. W. Ambeh-Doh,Bulley Room 5,Wednesday,7:00 AM - 9:30 AM
BBIS 338,Enterprise Systems [Sec A],3.0,R. W. Ambeh-Doh,Baobab RM3,Thursday,10:00 AM - 12:30 PM
INFT 115,Information Technology Foundation [Sec A],3.0,R. W. Ambeh-Doh,CH1-1,Thursday,2:00 PM - 4:30 PM
INFT 480 / BBIS 304,Data Warehousing [Sec A] / Business Intelligence and Dataware Housing [Sec A],3.0,S. Ganu,CS1,Tuesday,2:00 PM - 4:30 PM
BBIS 488,Decision Support Systems [Sec A],3.0,S. Ganu,Baobab RM3,Monday,2:00 PM - 4:30 PM
COSC 240 / INFT 346,Systems Programming {Sec A] / DotNet Programming [Sec A],3.0,S. Ganu,CS2,Thursday,7:00 AM - 9:30 AM
INFT 410,Internet-Enabled Applications Systems Development,3.0,S. Sebuabe,CC3,Monday,10:00 AM - 12:30 PM
INFT 340,Computer Vision: Concepts and Application [Sec A],3.0,S. Sebuabe,CS LAB,Tuesday,7:00 AM - 9:30 AM
COSC 250 / BBIS 203,Computer Ethics [Sec A] / IT Professional Ethics and Practice [Sec A],3.0,S. Sebuabe,Bulley Room 1,Tuesday,2:00 PM - 4:30 PM
STAT 384,Probability and Statistics [Sec A],3.0,TBA,Bulley Room 2,Thursday,2:00 PM - 4:30 PM
COSC 370 / INFT 370,Operations Research [Sec A] / Management Science [Sec A],3.0,Dr. A. Adu-Sackey,Baobab RM1,Tuesday,7:00 AM - 9:30 AM
MATH 112,Calculus I [Sec A],3.0,Dr. G. Biney,Bulley Room 2,Thursday,10:00 AM - 12:30 PM
MATH 214,Multivariable Calculus [Sec A],3.0,Dr. G. Biney,Baobab RM5,Wednesday,7:00 AM - 9:30 AM
COSC 272 / INFT 372,Data Communication & Computer Network II [Sec A] / Network Project Management,3.0,E. Okoe,Bulley Room 3,Wednesday,2:00 PM - 4:30 PM
COSC 130,Digital Electronics [Sec A],3.0,E. Okoe,CH3-1&2,Thursday,2:00 PM - 4:30 PM
COSC 124,Procedural Programming [Sec A],3.0,E. Okoe,Bulley Room 2,Wednesday,7:00 AM - 9:30 AM
COSC 117,Fundamentals of Computing Skills [Sec B],3.0,G. Preprah Tanoah,American High,Thursday,10:00 AM - 12:30 PM
BBIS 213,IT for Business (MOS) [Sec A],3.0,G. Preprah Tanoah,GEN. LAB,Tuesday,10:00 AM - 12:30 PM
COSC 117,Fundamentals of Computing Skills [Sec A],3.0,G. Preprah Tanoah,CS1,Wednesday,10:00 AM - 12:30 PM
BBIS 260,Web and Social Management Tools [Sec A],3.0,G. Preprah Tanoah,CH1-1,Monday,10:00 AM - 12:30 PM
PHYS 103,Physics [Sec A],3.0,J. Okyere Asirifi,MET 103,Friday,10:00 AM - 12:30 PM
COSC 470,/ INFT 470 Computer & Cyber Forensics,3.0,M. Asare,CS2,Thursday,10:00 AM - 12:30 PM
INFT 446,Systems and Network Administration [Sec A],3.0,M. Asare,Bulley Room 5,Wednesday,7:00 AM - 9:30 AM
INFT 459 / COSC 352,Enterprise Information Security [Sec A] / Computer Security [Sec A],3.0,M. Doe,CH1-1,Wednesday,7:00 AM - 9:30 AM
INFT 420,Computer-Human Interaction [Sec A],3.0,M. Doe,MET 103,Thursday,2:00 PM - 4:30 PM
STAT 202,Statistical Methods for Health Sciences [Sec A],3.0,O. Osei-Tutu,MET 103,Wednesday,7:00 AM - 9:30 AM
STAT 202,Statistical Methods for Health Sciences [HAC Sec A],3.0,O. Osei-Tutu,Baobab RM3,Thursday,2:00 PM - 4:30 PM
MATH 121,College Algebra [Sec A],3.0,O. Osei-Tutu,CH1-1,Thursday,7:00 AM - 9:30 AM
STAT 202,Statistical Methods for Health Sciences [Sec B],3.0,O. Osei-Tutu,American High,Monday,7:00 AM - 9:30 AM
MATH 101,Algebra [Sec A],3.0,Prof. W. Oblitey,CS3,Monday,7:00 AM - 9:30 AM
MATH 171,Introductory Mathematics for Computer Science,3.0,Prof. W. Oblitey,CS LAB,Wednesday,10:00 AM - 12:30 PM
MATH 172,Discrete & Continuous Mathematics [Sec A],3.0,Prof. L. Asiedu,CH1-1,Thursday,2:00 PM - 4:30 PM
CSCD 119,Introduction to Computer Science [Sec A],3.0,Prof. P. Yaw Owusu Amoako,CS2,Friday,7:00 AM - 9:30 AM
COSC 224,Object-Oriented Programming [Sec A],3.0,Prof. P. Yaw Owusu Amoako,Bulley Room 4,Wednesday,2:00 PM - 4:30 PM
COCS 364 / INFT 364,Research Methods [Sec A],3.0,Prof. P. Yaw Owusu Amoako,American High,Tuesday,2:00 PM - 4:30 PM
COSC 480,Compiler Design [Sec A],3.0,Prof. P. Yaw Owusu Amoako,CS LAB,Tuesday,7:00 AM - 9:30 AM
BBIS 226,Business Process Modeling and Workflow [Sec A],3.0,Prof. W. Ofoe Larkotey,American High,Tuesday,10:00 AM - 12:30 PM
BBIS 432,IS Consultancy Practices Solution Develop [Sec A],3.0,Prof. W. Ofoe Larkotey,Bulley Room 3,Monday,7:00 AM - 9:30 AM
RNSG 101,Nursing and Midwifery Informatics [Sec A] [Jan. Batch],3.0,R. Amponsah,CH3-1&2,Thursday,7:00 AM - 9:30 AM
COSC 346 / INFT 346,Software Engineering [Sec A] / Software Development Life Cycle [Sec A],3.0,R. Amponsah,CS1,Thursday,2:00 PM - 4:30 PM
COSC 113,Elements of Programming [Sec A],3.0,R. Amponsah,CH3-1&2,Tuesday,2:00 PM - 4:30 PM
INFT 281 / COSC 280 / BBIS 110,Management Information Systems [Sec A] / Information Systems [Sec A] / Introduction to Business Information Systems [Sec A],3.0,R. W. Ambeh-Doh,MET 101,Thursday,2:00 PM - 4:30 PM
BBIS 338,Enterprise Systems [Sec A],3.0,R. W. Ambeh-Doh,Bulley Room 5,Monday,7:00 AM - 9:30 AM
INFT 115,Information Technology Foundation [Sec A],3.0,R. W. Ambeh-Doh,CS2,Thursday,7:00 AM - 9:30 AM
INFT 480 / BBIS 304,Data Warehousing [Sec A] / Business Intelligence and Dataware Housing [Sec A],3.0,S. Ganu,CH1-1,Thursday,10:00 AM - 12:30 PM
BBIS 488,Decision Support Systems [Sec A],3.0,S. Ganu,CS LAB,Tuesday,2:00 PM - 4:30 PM
COSC 240 / INFT 346,Systems Programming [Sec A] / DotNet Programming [Sec A],3.0,S. Ganu,Baobab RM3,Wednesday,2:00 PM - 4:30 PM
INFT 410,Internet-Enabled Applications Systems Development,3.0,S. Sebuabe,Bulley Room 3,Tuesday,7:00 AM - 9:30 AM
INFT 340,Computer Vision: Concepts and Application [Sec A],3.0,S. Sebuabe,CS3,Thursday,7:00 AM - 9:30 AM
COSC 250 / BBIS 203,Computer Ethics [Sec A] / IT Professional Ethics and Practice [Sec A],3.0,S. Sebuabe,Bulley Room 2,Monday,2:00 PM - 4:30 PM
STAT 384,Probability and Statistics [Sec A],3.0,TBA,Boabab RM5,Wednesday,10:00 AM - 12:30 PM
PEAC 100,Physical Activity [Sec A],NC,K. Oheneba Nti,B. Ball Court,Monday,5:00 PM - 6:00 PM
ENGL 112,Language and Writing Skills II [Sec B] (FOS & SOB),2,C. Pokuaa,Bulley Room 3,Monday,7:00 AM - 9:30 AM
ENGL 112,Language and Writing Skills II [Sec A] (SONM),2,C. Pokuaa,Baoaba RM5,Thursday,10:00 AM - 12:30 PM
CMME 115,Introduction to Communication Skills [Sec A],2,Dr. A. Oye,Bulley Room 1,Monday,10:00 AM - 12:30 PM
CMME 115,Introduction to Communication Skills [Sec B](SONM),2,Dr. A. Oye,Baobab RM5,Friday,10:00 AM - 12:30 PM
SOCI 115,Principles of Sociology [Sec A],3,Dr. D. Dovie,Baoaba RM5,Tuesday,7:00 AM - 9:30 AM
RELB 163,Life and Teachings of Jesus [Sec A],3,Dr. F. Tenortey,Baoaba RM5,Wednesday,7:00 AM - 9:30 AM
RELB 163,Life and Teachings of Jesus [Sec C] (SONM),3,Dr. F. Tenortey,Bulley Room 3,Friday,7:00 AM - 9:30 AM
RELB 163,Life and Teachings of Jesus [Sec B],3,Dr. F. Tenortey,Boabab RM5,Tuesday,2:00 PM - 4:30 PM
ENGL 111,Language and Writing Skills I [Sec B],2,Dr. S. Adjei-Mensah,Baoaba RM5,Thursday,2:00 PM - 4:30 PM
ENGL 111,Language and Writing Skills I [Sec A],2,Dr. S. Adjei-Mensah,Boabab RM5,Wednesday,10:00 AM - 12:30 PM
ENGL 111,Language and Writing Skills I [Sec C] (SONM),2,Dr. S. Adjei-Mensah,Baobab RM5,Thursday,7:00 AM - 9:30 AM
FREN 121,French for General Communication I [Sec A],2,J. Elorm Doufodji,Bulley Room 5,Monday,2:00 PM - 4:30 PM
ENGL 111,Language and Writing Skills I [Sec D] (SONM),2,Dr. S. Adjei-Mensah,American High,Monday,7:00 AM - 9:30 AM
CMME 115,Introduction to Communication Skills [Sec C],2,Dr. A. Oye,Bulley Room 2,Wednesday,7:00 AM - 9:30 AM
ENGL 112,Language and Writing Skills II [Sec C] (SOE & FASS),2,C. Pokuaa,Baobab RM1,Wednesday,10:00 AM - 12:30 PM
HLTH 200,Health Principles [Sec A],3,K. Oheneba Nti,Bulley Room 3,Monday,2:00 PM - 4:30 PM
HLTH 200,Health Principles [Sec B],3,K. Oheneba Nti,Baobab RM1,Tuesday,2:00 PM - 4:30 PM
FREN 121,French for General Communication I [Sec B],2,J. Elorm Doufodji,Baoaba RM5,Tuesday,2:00 PM - 4:30 PM
PSYC 105,Introduction to Psychology [Sec A],3,Akua K. Amponsah,Boabab RM5,Thursday,7:00 AM - 9:30 AM
GNED 230,Career Exploration and Planning [Sec A],NC,Ama O. Karikari,Bulley Room 3,Wednesday,7:00 AM - 9:30 AM
GNED 468,Job Search Strategies and Techniques [Sec B],NC,Ama O. Karikari,Bulley Room 1,Tuesday,2:00 PM - 4:30 PM
GNED 125,Study Skills [Sec B] (SONM),NC,Ama O. Karikari,Bulley Room 5,Tuesday,7:00 AM - 9:30 AM
GNED 125,Study Skills [Sec A],NC,Ama O. Karikari,Baobab RM5,Thursday,2:00 PM - 4:30 PM
RELG 451,Bible and Family Dynamics [Sec B],3,Dr. J. Andor,American High,Wednesday,7:00 AM - 9:30 AM
RELG 451,Bible and Family Dynamics [Sec A],3,Dr. S. Amoh,Bulley Room 1,Tuesday,7:00 AM - 9:30 AM
AFST 205,Introduction to African Music [Sec A],1,E. Boahen,Baobab RM3,Thursday,7:00 AM - 9:30 AM
AFST 205,Introduction to African Music [Sec B],1,E. Boahen,American High,Tuesday,2:00 PM - 4:30 PM
AFST 243,Chieftaincy and Development [Sec B],1,F. Opoku,Baobab RM3,Tuesday,2:00 PM - 4:30 PM
AFST 243,Chieftaincy and Development [Sec A],1,F. Opoku,Baobab RM5,Friday,7:00 AM - 9:30 AM
COSC 117,Fundamentals of Computing Skills [Sec B],3,G. Preprah Tanoah,Bulley Room 3,Wednesday,2:00 PM - 4:30 PM
COSC 117,Fundamentals of Computing Skills [Sec A],3,G. Preprah Tanoah,Boabab RM5,Wednesday,7:00 AM - 9:30 AM
FREN 122,French for General Communication II [Sec A],2,J. Rhule,Bulley Room 5,Friday,10:00 AM - 12:30 PM
FREN 122,French for General Communication II [Sec B],2,J. Rhule,Baobab RM3,Monday,7:00 AM - 9:30 AM
RELB 250,Principles of Christian Faith [Sec A],3,Ps. E. Osei,Baobab RM5,Wednesday,10:00 AM - 12:30 PM
RELB 250,Principles of Christian Faith [Sec B],3,Ps. P. Obeng Manu,Bulley Room 5,Wednesday,7:00 AM - 9:30 AM
MATH 121,College Algebra [Sec A],3,O. Osei-Tutu,Boabab RM5,Tuesday,7:00 AM - 9:30 AM
RELT 385,Introduction to Biblical Foundation of Ethics [Sec A],3,Ps. E. Takyi,Baoaba RM5,Wednesday,2:00 PM - 4:30 PM
RELT 385,Introduction to Biblical Foundation of Ethics [Sec B],3,Ps. I. Kyere,American High,Thursday,2:00 PM - 4:30 PM
COSC 370 / INFT 370,Operations Research [Sec A] / Management Science [Sec A],3.0,Dr. A. Adu-Sackey,Bulley Room 4,Wednesday,7:00 AM - 9:30 AM
MATH 112,Calculus I [Sec A],3.0,Dr. G. Biney,Bulley Room 3,Friday,10:00 AM - 12:30 PM
MATH 214,Multivariable Calculus [Sec A],3.0,Dr. G. Biney,Bulley Room 1,Tuesday,2:00 PM - 4:30 PM
MATH 121,College Algebra [Sec A],3.0,O. Osei-Tutu,Bulley Room 2,Thursday,10:00 AM - 12:30 PM
MATH 101,Algebra [Sec A],3.0,Prof. W. Oblitey,Baobab RM3,Wednesday,10:00 AM - 12:30 PM
STAT 202,Statistical Methods for Health Sciences [Sec A],3.0,O. Osei-Tutu,Baobab RM3,Thursday,7:00 AM - 9:30 AM
STAT 202,Statistical Methods for Health Sciences [HAC Sec A],3.0,O. Osei-Tutu,CS2,Friday,7:00 AM - 9:30 AM
STAT 202,Statistical Methods for Health Sciences [Sec B],3.0,O. Osei-Tutu,CS LAB,Wednesday,10:00 AM - 12:30 PM
MATH 171,Introductory Mathematics for Computer Science,3.0,Prof. W. Oblitey,GEN. LAB,Wednesday,7:00 AM - 9:30 AM
COSC 272 / INFT 372,Data Communication & Computer Network II [Sec A] / Network Project Management,3.0,E. Okoe,Bulley Room 4,Wednesday,2:00 PM - 4:30 PM
COSC 130,Digital Electronics [Sec A],3.0,E. Okoe,American High,Wednesday,7:00 AM - 9:30 AM
COSC 124,Procedural Programming [Sec A],3.0,E. Okoe,Bulley Room 1,Wednesday,10:00 AM - 12:30 PM
COSC 117,Fundamentals of Computing Skills [Sec B],3.0,G. Preprah Tanoah,Baobab RM5,Wednesday,7:00 AM - 9:30 AM
BBIS 213,IT for Business (MOS) [Sec A],3.0,G. Preprah Tanoah,CH3-1&2,Thursday,7:00 AM - 9:30 AM
COSC 117,Fundamentals of Computing Skills [Sec A],3.0,G. Preprah Tanoah,CH1-1,Tuesday,2:00 PM - 4:30 PM
BBIS 260,Web and Social Management Tools [Sec A],3.0,G. Preprah Tanoah,GEN. LAB,Tuesday,10:00 AM - 12:30 PM
PHYS 103,Physics [Sec A],3.0,J. Okyere Asirifi,MET 103,Monday,10:00 AM - 12:30 PM
COSC 470,/ INFT 470 Computer & Cyber Forensics,3.0,M. Asare,GEN. LAB,Thursday,7:00 AM - 9:30 AM
INFT 446,Systems and Network Administration [Sec A],3.0,M. Asare,Baobab RM3,Wednesday,7:00 AM - 9:30 AM
INFT 459 / COSC 352,Enterprise Information Security [Sec A] / Computer Security [Sec A],3.0,M. Doe,CH3-1&2,Wednesday,10:00 AM - 12:30 PM
INFT 420,Computer-Human Interaction [Sec A],3.0,M. Doe,CS LAB,Tuesday,2:00 PM - 4:30 PM
MATH 172,Discrete & Continuous Mathematics [Sec A],3.0,Prof. L. Asiedu,Baobab RM5,Monday,2:00 PM - 4:30 PM
CSCD 119,Introduction to Computer Science [Sec A],3.0,Prof. P. Yaw Owusu Amoako,Bulley Room 3,Tuesday,10:00 AM - 12:30 PM
COSC 224,Object-Oriented Programming [Sec A],3.0,Prof. P. Yaw Owusu Amoako,CS1,Thursday,2:00 PM - 4:30 PM
COCS 364 / INFT 364,Research Methods [Sec A],3.0,Prof. P. Yaw Owusu Amoako,Baobab RM3,Friday,10:00 AM - 12:30 PM
COSC 480,Compiler Design [Sec A],3.0,Prof. P. Yaw Owusu Amoako,Bulley Room 5,Tuesday,2:00 PM - 4:30 PM
BBIS 226,Business Process Modeling and Workflow [Sec A],3.0,Prof. W. Ofoe Larkotey,Bulley Room 1,Wednesday,2:00 PM - 4:30 PM
BBIS 432,IS Consultancy Practices Solution Develop [Sec A],3.0,Prof. W. Ofoe Larkotey,Bulley Room 2,Wednesday,10:00 AM - 12:30 PM
RNSG 101,Nursing and Midwifery Informatics [Sec A] [Jan. Batch],3.0,R. Amponsah,Baobab RM1,Wednesday,2:00 PM - 4:30 PM
COSC 346 / INFT 346,Software Engineering [Sec A] / Software Development Life Cycle [Sec A],3.0,R. Amponsah,Baobab RM3,Tuesday,7:00 AM - 9:30 AM
COSC 113,Elements of Programming [Sec A],3.0,R. Amponsah,CH1-1,Thursday,10:00 AM - 12:30 PM
INFT 281 / COSC 280 / BBIS 110,Management Information Systems [Sec A] / Information Systems [Sec A] / Introduction to Business Information Systems [Sec A],3.0,R. W. Ambeh-Doh,CH1-1,Wednesday,2:00 PM - 4:30 PM
BBIS 338,Enterprise Systems [Sec A],3.0,R. W. Ambeh-Doh,CS1,Wednesday,7:00 AM - 9:30 AM
INFT 115,Information Technology Foundation [Sec A],3.0,R. W. Ambeh-Doh,Baobab RM5,Monday,7:00 AM - 9:30 AM
INFT 480 / BBIS 304,Data Warehousing [Sec A] / Business Intelligence and Dataware Housing [Sec A],3.0,S. Ganu,CS2,Wednesday,2:00 PM - 4:30 PM
BBIS 488,Decision Support Systems [Sec A],3.0,S. Ganu,CS2,Friday,10:00 AM - 12:30 PM
COSC 240 / INFT 346,Systems Programming {Sec A] / DotNet Programming [Sec A],3.0,S. Ganu,Baobab RM5,Thursday,10:00 AM - 12:30 PM
INFT 410,Internet-Enabled Applications Systems Development,3.0,S. Sebuabe,Bulley Room 1,Monday,7:00 AM - 9:30 AM
INFT 340,Computer Vision: Concepts and Application [Sec A],3.0,S. Sebuabe,CS1,Wednesday,10:00 AM - 12:30 PM
COSC 250 / BBIS 203,Computer Ethics [Sec A] / IT Professional Ethics and Practice [Sec A],3.0,S. Sebuabe,CS3,Friday,10:00 AM - 12:30 PM
STAT 384,Probability and Statistics [Sec A],3.0,TBA,CH1-1,Thursday,2:00 PM - 4:30 PM
COSC 370 / INFT 370,Operations Research [Sec A] / Management Science [Sec A],3.0,Dr. A. Adu-Sackey,Boabab RM5,Wednesday,7:00 AM - 9:30 AM
MATH 112,Calculus I [Sec A],3.0,Dr. G. Biney,CS2,Tuesday,7:00 AM - 9:30 AM
MATH 214,Multivariable Calculus [Sec A],3.0,Dr. G. Biney,Bulley Room 2,Friday,7:00 AM - 9:30 AM
COSC 272 / INFT 372,Data Communication & Computer Network II [Sec A] / Network Project Management,3.0,E. Okoe,Bulley Room 4,Tuesday,2:00 PM - 4:30 PM
COSC 130,Digital Electronics [Sec A],3.0,E. Okoe,CS1,Wednesday,7:00 AM - 9:30 AM
COSC 124,Procedural Programming [Sec A],3.0,E. Okoe,CS1,Tuesday,7:00 AM - 9:30 AM
COSC 117,Fundamentals of Computing Skills [Sec B],3.0,G. Preprah Tanoah,MET 103,Thursday,7:00 AM - 9:30 AM
BBIS 213,IT for Business (MOS) [Sec A],3.0,G. Preprah Tanoah,CH3-1&2,Monday,2:00 PM - 4:30 PM
COSC 117,Fundamentals of Computing Skills [Sec A],3.0,G. Preprah Tanoah,CH3-1&2,Tuesday,10:00 AM - 12:30 PM
BBIS 260,Web and Social Management Tools [Sec A],3.0,G. Preprah Tanoah,CS2,Wednesday,2:00 PM - 4:30 PM
PHYS 103,Physics [Sec A],3.0,J. Okyere Asirifi,CC3,Monday,10:00 AM - 12:30 PM
COSC 470,/ INFT 470 Computer & Cyber Forensics,3.0,M. Asare,CS LAB,Tuesday,2:00 PM - 4:30 PM
INFT 446,Systems and Network Administration [Sec A],3.0,M. Asare,Bulley Room 3,Tuesday,7:00 AM - 9:30 AM
INFT 459 / COSC 352,Enterprise Information Security [Sec A] / Computer Security [Sec A],3.0,M. Doe,CS2,Tuesday,10:00 AM - 12:30 PM
INFT 420,Computer-Human Interaction [Sec A],3.0,M. Doe,GEN. LAB,Thursday,10:00 AM - 12:30 PM
STAT 202,Statistical Methods for Health Sciences [Sec A],3.0,O. Osei-Tutu,CC3,Thursday,7:00 AM - 9:30 AM
STAT 202,Statistical Methods for Health Sciences [HAC Sec A],3.0,O. Osei-Tutu,Boabab RM5,Monday,7:00 AM - 9:30 AM
MATH 121,College Algebra [Sec A],3.0,O. Osei-Tutu,Baobab RM5,Monday,2:00 PM - 4:30 PM
STAT 202,Statistical Methods for Health Sciences [Sec B],3.0,O. Osei-Tutu,Bulley Room 5,Friday,7:00 AM - 9:30 AM
MATH 101,Algebra [Sec A],3.0,Prof. W. Oblitey,MET 103,Monday,7:00 AM - 9:30 AM
MATH 171,Introductory Mathematics for Computer Science,3.0,Prof. W. Oblitey,GEN. LAB,Wednesday,10:00 AM - 12:30 PM
MATH 172,Discrete & Continuous Mathematics [Sec A],3.0,Prof. L. Asiedu,CS LAB,Wednesday,7:00 AM - 9:30 AM
CSCD 119,Introduction to Computer Science [Sec A],3.0,Prof. P. Yaw Owusu Amoako,American High,Thursday,7:00 AM - 9:30 AM
COSC 224,Object-Oriented Programming [Sec A],3.0,Prof. P. Yaw Owusu Amoako,CC3,Tuesday,7:00 AM - 9:30 AM
COCS 364 / INFT 364,Research Methods [Sec A],3.0,Prof. P. Yaw Owusu Amoako,Bulley Room 2,Monday,2:00 PM - 4:30 PM
COSC 480,Compiler Design [Sec A],3.0,Prof. P. Yaw Owusu Amoako,Bulley Room 3,Monday,7:00 AM - 9:30 AM
BBIS 226,Business Process Modeling and Workflow [Sec A],3.0,Prof. W. Ofoe Larkotey,CC3,Thursday,10:00 AM - 12:30 PM
BBIS 432,IS Consultancy Practices Solution Develop [Sec A],3.0,Prof. W. Ofoe Larkotey,CH1-1,Thursday,2:00 PM - 4:30 PM
RNSG 101,Nursing and Midwifery Informatics [Sec A] [Jan. Batch],3.0,R. Amponsah,CH1-1,Thursday,10:00 AM - 12:30 PM
COSC 346 / INFT 346,Software Engineering [Sec A] / Software Development Life Cycle [Sec A],3.0,R. Amponsah,CC3,Wednesday,10:00 AM - 12:30 PM
COSC 113,Elements of Programming [Sec A],3.0,R. Amponsah,American High,Wednesday,2:00 PM - 4:30 PM
INFT 281 / COSC 280 / BBIS 110,Management Information Systems [Sec A] / Information Systems [Sec A] / Introduction to Business Information Systems [Sec A],3.0,R. W. Ambeh-Doh,Bulley Room 5,Wednesday,7:00 AM - 9:30 AM
BBIS 338,Enterprise Systems [Sec A],3.0,R. W. Ambeh-Doh,MET 101,Wednesday,10:00 AM - 12:30 PM
INFT 115,Information Technology Foundation [Sec A],3.0,R. W. Ambeh-Doh,CS LAB,Thursday,10:00 AM - 12:30 PM
INFT 480 / BBIS 304,Data Warehousing [Sec A] / Business Intelligence and Dataware Housing [Sec A],3.0,S. Ganu,Bulley Room 1,Friday,7:00 AM - 9:30 AM
BBIS 488,Decision Support Systems [Sec A],3.0,S. Ganu,Boabab RM5,Friday,10:00 AM - 12:30 PM
COSC 240 / INFT 346,Systems Programming [Sec A] / DotNet Programming [Sec A],3.0,S. Ganu,Baobab RM1,Monday,7:00 AM - 9:30 AM
INFT 410,Internet-Enabled Applications Systems Development,3.0,S. Sebuabe,CS LAB,Thursday,7:00 AM - 9:30 AM
INFT 340,Computer Vision: Concepts and Application [Sec A],3.0,S. Sebuabe,American High,Tuesday,7:00 AM - 9:30 AM
COSC 250 / BBIS 203,Computer Ethics [Sec A] / IT Professional Ethics and Practice [Sec A],3.0,S. Sebuabe,CS3,Wednesday,2:00 PM - 4:30 PM
STAT 384,Probability and Statistics [Sec A],3.0,TBA,CS1,Monday,7:00 AM - 9:30 AM
PEAC 100,Physical Activity [Sec A],NC,K. Oheneba Nti,B. Ball Court,Monday,5:00 PM - 6:00 PM
ENGL 112,Language and Writing Skills II [Sec B] (FOS & SOB),2,C. Pokuaa,Baobab RM1,Tuesday,10:00 AM - 12:30 PM
ENGL 112,Language and Writing Skills II [Sec A] (SONM),2,C. Pokuaa,Bulley Room 3,Monday,7:00 AM - 9:30 AM
CMME 115,Introduction to Communication Skills [Sec A],2,Dr. A. Oye,Bulley Room 4,Friday,10:00 AM - 12:30 PM
CMME 115,Introduction to Communication Skills [Sec B](SONM),2,Dr. A. Oye,Baobab RM1,Wednesday,7:00 AM - 9:30 AM
SOCI 115,Principles of Sociology [Sec A],3,Dr. D. Dovie,Bulley Room 4,Wednesday,10:00 AM - 12:30 PM
RELB 163,Life and Teachings of Jesus [Sec A],3,Dr. F. Tenortey,Baobab RM3,Wednesday,2:00 PM - 4:30 PM
RELB 163,Life and Teachings of Jesus [Sec C] (SONM),3,Dr. F. Tenortey,Bulley Room 5,Thursday,10:00 AM - 12:30 PM
RELB 163,Life and Teachings of Jesus [Sec B],3,Dr. F. Tenortey,Bulley Room 1,Tuesday,2:00 PM - 4:30 PM
ENGL 111,Language and Writing Skills I [Sec B],2,Dr. S. Adjei-Mensah,Bulley Room 2,Tuesday,7:00 AM - 9:30 AM
ENGL 111,Language and Writing Skills I [Sec A],2,Dr. S. Adjei-Mensah,Bulley Room 1,Friday,7:00 AM - 9:30 AM
ENGL 111,Language and Writing Skills I [Sec C] (SONM),2,Dr. S. Adjei-Mensah,American High,Thursday,7:00 AM - 9:30 AM
FREN 121,French for General Communication I [Sec A],2,J. Elorm Doufodji,Baobab RM3,Monday,2:00 PM - 4:30 PM
ENGL 111,Language and Writing Skills I [Sec D] (SONM),2,Dr. S. Adjei-Mensah,Baobab RM5,Friday,10:00 AM - 12:30 PM
ENGL 112,Language and Writing Skills II [Sec C] (SOE & FASS),2,C. Pokuaa,Baoaba RM5,Tuesday,7:00 AM - 9:30 AM
CMME 115,Introduction to Communication Skills [Sec C],2,Dr. A. Oye,Bulley Room 1,Monday,10:00 AM - 12:30 PM
HLTH 200,Health Principles [Sec A],3,K. Oheneba Nti,American High,Tuesday,10:00 AM - 12:30 PM
HLTH 200,Health Principles [Sec B],3,K. Oheneba Nti,Baobab RM5,Wednesday,7:00 AM - 9:30 AM
FREN 121,French for General Communication I [Sec B],2,J. Elorm Doufodji,Bulley Room 2,Friday,10:00 AM - 12:30 PM
PSYC 105,Introduction to Psychology [Sec A],3,Akua K. Amponsah,Bulley Room 2,Thursday,10:00 AM - 12:30 PM
GNED 125,Study Skills [Sec B] (SONM),NC,Ama O. Karikari,Bulley Room 5,Friday,10:00 AM - 12:30 PM
GNED 125,Study Skills [Sec A],NC,Ama O. Karikari,American High,Thursday,10:00 AM - 12:30 PM
GNED 230,Career Exploration and Planning [Sec A],NC,Ama O. Karikari,Boabab RM5,Monday,2:00 PM - 4:30 PM
GNED 468,Job Search Strategies and Techniques [Sec B],NC,Ama O. Karikari,Baobab RM5,Thursday,2:00 PM - 4:30 PM
RELG 451,Bible and Family Dynamics [Sec A],3,Dr. S. Amoh,Bulley Room 4,Tuesday,10:00 AM - 12:30 PM
MATH 121,College Algebra [Sec A],3,O. Osei-Tutu,Bulley Room 5,Tuesday,10:00 AM - 12:30 PM
RELG 451,Bible and Family Dynamics [Sec B],3,Dr. J. Andor,Bulley Room 4,Thursday,7:00 AM - 9:30 AM
AFST 205,Introduction to African Music [Sec A],1,E. Boahen,Boabab RM5,Monday,7:00 AM - 9:30 AM
AFST 205,Introduction to African Music [Sec B],1,E. Boahen,Bulley Room 2,Thursday,2:00 PM - 4:30 PM
FREN 122,French for General Communication II [Sec A],2,J. Rhule,Baoaba RM5,Wednesday,10:00 AM - 12:30 PM
RELB 250,Principles of Christian Faith [Sec A],3,Ps. E. Osei,Baoaba RM5,Monday,10:00 AM - 12:30 PM
RELB 250,Principles of Christian Faith [Sec B],3,Ps. P. Obeng Manu,American High,Tuesday,7:00 AM - 9:30 AM
FREN 122,French for General Communication II [Sec B],2,J. Rhule,Boabab RM5,Wednesday,2:00 PM - 4:30 PM
AFST 243,Chieftaincy and Development [Sec B],1,F. Opoku,Baoaba RM5,Thursday,7:00 AM - 9:30 AM
AFST 243,Chieftaincy and Development [Sec A],1,F. Opoku,Bulley Room 1,Thursday,10:00 AM - 12:30 PM
COSC 117,Fundamentals of Computing Skills [Sec B],3,G. Preprah Tanoah,Baobab RM1,Monday,7:00 AM - 9:30 AM
COSC 117,Fundamentals of Computing Skills [Sec A],3,G. Preprah Tanoah,American High,Monday,2:00 PM - 4:30 PM
RELT 385,Introduction to Biblical Foundation of Ethics [Sec A],3,Ps. E. Takyi,Bulley Room 3,Tuesday,7:00 AM - 9:30 AM
RELT 385,Introduction to Biblical Foundation of Ethics [Sec B],3,Ps. I. Kyere,Bulley Room 5,Friday,7:00 AM - 9:30 AM
COSC 370 / INFT 370,Operations Research [Sec A] / Management Science [Sec A],3.0,Dr. A. Adu-Sackey,Baobab RM3,Wednesday,10:00 AM - 12:30 PM
MATH 112,Calculus I [Sec A],3.0,Dr. G. Biney,CS3,Thursday,10:00 AM - 12:30 PM
MATH 214,Multivariable Calculus [Sec A],3.0,Dr. G. Biney,CH3-1&2,Monday,7:00 AM - 9:30 AM
MATH 121,College Algebra [Sec A],3.0,O. Osei-Tutu,American High,Tuesday,2:00 PM - 4:30 PM
MATH 101,Algebra [Sec A],3.0,Prof. W. Oblitey,Boabab RM5,Wednesday,7:00 AM - 9:30 AM
STAT 202,Statistical Methods for Health Sciences [Sec A],3.0,O. Osei-Tutu,CS2,Monday,7:00 AM - 9:30 AM
STAT 202,Statistical Methods for Health Sciences [HAC Sec A],3.0,O. Osei-Tutu,Bulley Room 2,Wednesday,2:00 PM - 4:30 PM
STAT 202,Statistical Methods for Health Sciences [Sec B],3.0,O. Osei-Tutu,Baobab RM3,Thursday,10:00 AM - 12:30 PM
MATH 171,Introductory Mathematics for Computer Science,3.0,Prof. W. Oblitey,CH1-1,Tuesday,2:00 PM - 4:30 PM
COSC 272 / INFT 372,Data Communication & Computer Network II [Sec A] / Network Project Management,3.0,E. Okoe,CC3,Tuesday,7:00 AM - 9:30 AM
COSC 130,Digital Electronics [Sec A],3.0,E. Okoe,Bulley Room 1,Tuesday,2:00 PM - 4:30 PM
COSC 124,Procedural Programming [Sec A],3.0,E. Okoe,American High,Wednesday,10:00 AM - 12:30 PM
COSC 117,Fundamentals of Computing Skills [Sec B],3.0,G. Preprah Tanoah,CC3,Thursday,2:00 PM - 4:30 PM
BBIS 213,IT for Business (MOS) [Sec A],3.0,G. Preprah Tanoah,CS2,Thursday,7:00 AM - 9:30 AM
COSC 117,Fundamentals of Computing Skills [Sec A],3.0,G. Preprah Tanoah,CS2,Tuesday,7:00 AM - 9:30 AM
BBIS 260,Web and Social Management Tools [Sec A],3.0,G. Preprah Tanoah,MET 101,Friday,7:00 AM - 9:30 AM
PHYS 103,Physics [Sec A],3.0,J. Okyere Asirifi,CS3,Tuesday,10:00 AM - 12:30 PM
COSC 470,/ INFT 470 Computer & Cyber Forensics,3.0,M. Asare,CS1,Thursday,7:00 AM - 9:30 AM
INFT 446,Systems and Network Administration [Sec A],3.0,M. Asare,CS LAB,Thursday,10:00 AM - 12:30 PM
INFT 459 / COSC 352,Enterprise Information Security [Sec A] / Computer Security [Sec A],3.0,M. Doe,Bulley Room 3,Tuesday,2:00 PM - 4:30 PM
INFT 420,Computer-Human Interaction [Sec A],3.0,M. Doe,MET 103,Wednesday,10:00 AM - 12:30 PM
MATH 172,Discrete & Continuous Mathematics [Sec A],3.0,Prof. L. Asiedu,CS2,Wednesday,2:00 PM - 4:30 PM
CSCD 119,Introduction to Computer Science [Sec A],3.0,Prof. P. Yaw Owusu Amoako,American High,Thursday,7:00 AM - 9:30 AM
COSC 224,Object-Oriented Programming [Sec A],3.0,Prof. P. Yaw Owusu Amoako,CS LAB,Thursday,2:00 PM - 4:30 PM
COCS 364 / INFT 364,Research Methods [Sec A],3.0,Prof. P. Yaw Owusu Amoako,CS2,Friday,10:00 AM - 12:30 PM
COSC 480,Compiler Design [Sec A],3.0,Prof. P. Yaw Owusu Amoako,MET 101,Tuesday,7:00 AM - 9:30 AM
BBIS 226,Business Process Modeling and Workflow [Sec A],3.0,Prof. W. Ofoe Larkotey,CS3,Wednesday,10:00 AM - 12:30 PM
BBIS 432,IS Consultancy Practices Solution Develop [Sec A],3.0,Prof. W. Ofoe Larkotey,Bulley Room 1,Monday,10:00 AM - 12:30 PM
RNSG 101,Nursing and Midwifery Informatics [Sec A] [Jan. Batch],3.0,R. Amponsah,CS1,Wednesday,10:00 AM - 12:30 PM
COSC 346 / INFT 346,Software Engineering [Sec A] / Software Development Life Cycle [Sec A],3.0,R. Amponsah,CS3,Thursday,7:00 AM - 9:30 AM
COSC 113,Elements of Programming [Sec A],3.0,R. Amponsah,GEN. LAB,Wednesday,7:00 AM - 9:30 AM
INFT 281 / COSC 280 / BBIS 110,Management Information Systems [Sec A] / Information Systems [Sec A] / Introduction to Business Information Systems [Sec A],3.0,R. W. Ambeh-Doh,Bulley Room 3,Monday,10:00 AM - 12:30 PM
BBIS 338,Enterprise Systems [Sec A],3.0,R. W. Ambeh-Doh,Baobab RM5,Wednesday,2:00 PM - 4:30 PM
INFT 115,Information Technology Foundation [Sec A],3.0,R. W. Ambeh-Doh,CC3,Monday,7:00 AM - 9:30 AM
INFT 480 / BBIS 304,Data Warehousing [Sec A] / Business Intelligence and Dataware Housing [Sec A],3.0,S. Ganu,Baobab RM3,Thursday,2:00 PM - 4:30 PM
BBIS 488,Decision Support Systems [Sec A],3.0,S. Ganu,Bulley Room 1,Friday,10:00 AM - 12:30 PM
COSC 240 / INFT 346,Systems Programming {Sec A] / DotNet Programming [Sec A],3.0,S. Ganu,Baobab RM3,Thursday,7:00 AM - 9:30 AM
INFT 410,Internet-Enabled Applications Systems Development,3.0,S. Sebuabe,CS3,Monday,7:00 AM - 9:30 AM
INFT 340,Computer Vision: Concepts and Application [Sec A],3.0,S. Sebuabe,Bulley Room 2,Tuesday,10:00 AM - 12:30 PM
COSC 250 / BBIS 203,Computer Ethics [Sec A] / IT Professional Ethics and Practice [Sec A],3.0,S. Sebuabe,MET 103,Thursday,10:00 AM - 12:30 PM
STAT 384,Probability and Statistics [Sec A],3.0,TBA,Bulley Room 5,Tuesday,10:00 AM - 12:30 PM
COSC 370 / INFT 370,Operations Research [Sec A] / Management Science [Sec A],3.0,Dr. A. Adu-Sackey,CH3-1&2,Wednesday,10:00 AM - 12:30 PM
MATH 112,Calculus I [Sec A],3.0,Dr. G. Biney,CS3,Thursday,2:00 PM - 4:30 PM
MATH 214,Multivariable Calculus [Sec A],3.0,Dr. G. Biney,CS1,Thursday,7:00 AM - 9:30 AM
COSC 272 / INFT 372,Data Communication & Computer Network II [Sec A] / Network Project Management,3.0,E. Okoe,CH1-1,Thursday,7:00 AM - 9:30 AM
COSC 130,Digital Electronics [Sec A],3.0,E. Okoe,CH3-1&2,Tuesday,2:00 PM - 4:30 PM
COSC 124,Procedural Programming [Sec A],3.0,E. Okoe,Baobab RM5,Thursday,2:00 PM - 4:30 PM
COSC 117,Fundamentals of Computing Skills [Sec B],3.0,G. Preprah Tanoah,CS LAB,Tuesday,2:00 PM - 4:30 PM
BBIS 213,IT for Business (MOS) [Sec A],3.0,G. Preprah Tanoah,CH1-1,Monday,10:00 AM - 12:30 PM
COSC 117,Fundamentals of Computing Skills [Sec A],3.0,G. Preprah Tanoah,American High,Tuesday,10:00 AM - 12:30 PM
BBIS 260,Web and Social Management Tools [Sec A],3.0,G. Preprah Tanoah,Baobab RM1,Friday,10:00 AM - 12:30 PM
PHYS 103,Physics [Sec A],3.0,J. Okyere Asirifi,Baobab RM1,Tuesday,2:00 PM - 4:30 PM
COSC 470,/ INFT 470 Computer & Cyber Forensics,3.0,M. Asare,American High,Tuesday,7:00 AM - 9:30 AM
INFT 446,Systems and Network Administration [Sec A],3.0,M. Asare,Baobab RM3,Wednesday,2:00 PM - 4:30 PM
INFT 459 / COSC 352,Enterprise Information Security [Sec A] / Computer Security [Sec A],3.0,M. Doe,MET 101,Wednesday,2:00 PM - 4:30 PM
INFT 420,Computer-Human Interaction [Sec A],3.0,M. Doe,CS LAB,Thursday,10:00 AM - 12:30 PM
STAT 202,Statistical Methods for Health Sciences [Sec A],3.0,O. Osei-Tutu,MET 103,Friday,7:00 AM - 9:30 AM
STAT 202,Statistical Methods for Health Sciences [HAC Sec A],3.0,O. Osei-Tutu,MET 103,Friday,10:00 AM - 12:30 PM
MATH 121,College Algebra [Sec A],3.0,O. Osei-Tutu,CS2,Tuesday,10:00 AM - 12:30 PM
STAT 202,Statistical Methods for Health Sciences [Sec B],3.0,O. Osei-Tutu,Baobab RM3,Monday,7:00 AM - 9:30 AM
MATH 172,Discrete & Continuous Mathematics [Sec A],3.0,Prof. L. Asiedu,MET 101,Monday,10:00 AM - 12:30 PM
CSCD 119,Introduction to Computer Science [Sec A],3.0,Prof. P. Yaw Owusu Amoako,GEN. LAB,Friday,7:00 AM - 9:30 AM
COSC 224,Object-Oriented Programming [Sec A],3.0,Prof. P. Yaw Owusu Amoako,CS1,Monday,10:00 AM - 12:30 PM
COCS 364 / INFT 364,Research Methods [Sec A],3.0,Prof. P. Yaw Owusu Amoako,CH1-1,Thursday,2:00 PM - 4:30 PM
COSC 480,Compiler Design [Sec A],3.0,Prof. P. Yaw Owusu Amoako,CS1,Friday,10:00 AM - 12:30 PM
MATH 101,Algebra [Sec A],3.0,Prof. W. Oblitey,CS3,Tuesday,2:00 PM - 4:30 PM
MATH 171,Introductory Mathematics for Computer Science,3.0,Prof. W. Oblitey,MET 103,Wednesday,10:00 AM - 12:30 PM
BBIS 226,Business Process Modeling and Workflow [Sec A],3.0,Prof. W. Ofoe Larkotey,MET 101,Tuesday,10:00 AM - 12:30 PM
BBIS 432,IS Consultancy Practices Solution Develop [Sec A],3.0,Prof. W. Ofoe Larkotey,CS2,Wednesday,2:00 PM - 4:30 PM
RNSG 101,Nursing and Midwifery Informatics [Sec A] [Jan. Batch],3.0,R. Amponsah,Baobab RM1,Wednesday,10:00 AM - 12:30 PM
COSC 346 / INFT 346,Software Engineering [Sec A] / Software Development Life Cycle [Sec A],3.0,R. Amponsah,CS LAB,Thursday,7:00 AM - 9:30 AM
COSC 113,Elements of Programming [Sec A],3.0,R. Amponsah,GEN. LAB,Tuesday,2:00 PM - 4:30 PM
INFT 281 / COSC 280 / BBIS 110,Management Information Systems [Sec A] / Information Systems [Sec A] / Introduction to Business Information Systems [Sec A],3.0,R. W. Ambeh-Doh,CS1,Thursday,10:00 AM - 12:30 PM
BBIS 338,Enterprise Systems [Sec A],3.0,R. W. Ambeh-Doh,CS3,Monday,2:00 PM - 4:30 PM
INFT 115,Information Technology Foundation [Sec A],3.0,R. W. Ambeh-Doh,MET 103,Thursday,2:00 PM - 4:30 PM
INFT 480 / BBIS 304,Data Warehousing [Sec A] / Business Intelligence and Dataware Housing [Sec A],3.0,S. Ganu,CS3,Thursday,7:00 AM - 9:30 AM
BBIS 488,Decision Support Systems [Sec A],3.0,S. Ganu,CS2,Thursday,10:00 AM - 12:30 PM
COSC 240 / INFT 346,Systems Programming [Sec A] / DotNet Programming [Sec A],3.0,S. Ganu,Baobab RM5,Monday,10:00 AM - 12:30 PM
INFT 410,Internet-Enabled Applications Systems Development,3.0,S. Sebuabe,CS1,Friday,7:00 AM - 9:30 AM
INFT 340,Computer Vision: Concepts and Application [Sec A],3.0,S. Sebuabe,CS1,Monday,2:00 PM - 4:30 PM
COSC 250 / BBIS 203,Computer Ethics [Sec A] / IT Professional Ethics and Practice [Sec A],3.0,S. Sebuabe,GEN. LAB,Tuesday,7:00 AM - 9:30 AM
STAT 384,Probability and Statistics [Sec A],3.0,TBA,Baobab RM5,Tuesday,10:00 AM - 12:30 PM
COSC 370 / INFT 370,Operations Research [Sec A] / Management Science [Sec A],3.0,Dr. A. Adu-Sackey,CS2,Wednesday,2:00 PM - 4:30 PM
MATH 112,Calculus I [Sec A],3.0,Dr. G. Biney,American High,Thursday,7:00 AM - 9:30 AM
MATH 214,Multivariable Calculus [Sec A],3.0,Dr. G. Biney,Baobab RM3,Thursday,2:00 PM - 4:30 PM
MATH 121,College Algebra [Sec A],3.0,O. Osei-Tutu,Baobab RM3,Wednesday,10:00 AM - 12:30 PM
MATH 101,Algebra [Sec A],3.0,Prof. W. Oblitey,CH1-1,Monday,2:00 PM - 4:30 PM
STAT 202,Statistical Methods for Health Sciences [Sec A],3.0,O. Osei-Tutu,Baobab RM3,Thursday,10:00 AM - 12:30 PM
STAT 202,Statistical Methods for Health Sciences [HAC Sec A],3.0,O. Osei-Tutu,MET 103,Friday,7:00 AM - 9:30 AM
STAT 202,Statistical Methods for Health Sciences [Sec B],3.0,O. Osei-Tutu,CC3,Monday,2:00 PM - 4:30 PM
MATH 171,Introductory Mathematics for Computer Science,3.0,Prof. W. Oblitey,American High,Wednesday,10:00 AM - 12:30 PM
COSC 272 / INFT 372,Data Communication & Computer Network II [Sec A] / Network Project Management,3.0,E. Okoe,CS3,Tuesday,7:00 AM - 9:30 AM
COSC 130,Digital Electronics [Sec A],3.0,E. Okoe,American High,Wednesday,7:00 AM - 9:30 AM
COSC 124,Procedural Programming [Sec A],3.0,E. Okoe,CH3-1&2,Wednesday,2:00 PM - 4:30 PM
COSC 117,Fundamentals of Computing Skills [Sec B],3.0,G. Preprah Tanoah,Baobab RM1,Wednesday,7:00 AM - 9:30 AM
BBIS 213,IT for Business (MOS) [Sec A],3.0,G. Preprah Tanoah,CH1-1,Monday,7:00 AM - 9:30 AM
COSC 117,Fundamentals of Computing Skills [Sec A],3.0,G. Preprah Tanoah,CS LAB,Wednesday,2:00 PM - 4:30 PM
BBIS 260,Web and Social Management Tools [Sec A],3.0,G. Preprah Tanoah,CH1-1,Thursday,2:00 PM - 4:30 PM
PHYS 103,Physics [Sec A],3.0,J. Okyere Asirifi,CC3,Friday,10:00 AM - 12:30 PM
COSC 470,/ INFT 470 Computer & Cyber Forensics,3.0,M. Asare,CC3,Wednesday,10:00 AM - 12:30 PM
INFT 446,Systems and Network Administration [Sec A],3.0,M. Asare,GEN. LAB,Tuesday,2:00 PM - 4:30 PM
INFT 459 / COSC 352,Enterprise Information Security [Sec A] / Computer Security [Sec A],3.0,M. Doe,CS2,Monday,7:00 AM - 9:30 AM
INFT 420,Computer-Human Interaction [Sec A],3.0,M. Doe,Baobab RM3,Monday,10:00 AM - 12:30 PM
MATH 172,Discrete & Continuous Mathematics [Sec A],3.0,Prof. L. Asiedu,CS1,Thursday,2:00 PM - 4:30 PM
CSCD 119,Introduction to Computer Science [Sec A],3.0,Prof. P. Yaw Owusu Amoako,American High,Monday,7:00 AM - 9:30 AM
COSC 224,Object-Oriented Programming [Sec A],3.0,Prof. P. Yaw Owusu Amoako,Baobab RM5,Monday,10:00 AM - 12:30 PM
COCS 364 / INFT 364,Research Methods [Sec A],3.0,Prof. P. Yaw Owusu Amoako,CC3,Wednesday,7:00 AM - 9:30 AM
COSC 480,Compiler Design [Sec A],3.0,Prof. P. Yaw Owusu Amoako,CS3,Friday,10:00 AM - 12:30 PM
BBIS 226,Business Process Modeling and Workflow [Sec A],3.0,Prof. W. Ofoe Larkotey,Baobab RM5,Tuesday,10:00 AM - 12:30 PM
BBIS 432,IS Consultancy Practices Solution Develop [Sec A],3.0,Prof. W. Ofoe Larkotey,American High,Wednesday,2:00 PM - 4:30 PM
RNSG 101,Nursing and Midwifery Informatics [Sec A] [Jan. Batch],3.0,R. Amponsah,Baobab RM5,Thursday,7:00 AM - 9:30 AM
COSC 346 / INFT 346,Software Engineering [Sec A] / Software Development Life Cycle [Sec A],3.0,R. Amponsah,CS2,Tuesday,2:00 PM - 4:30 PM
COSC 113,Elements of Programming [Sec A],3.0,R. Amponsah,CS2,Tuesday,10:00 AM - 12:30 PM
INFT 281 / COSC 280 / BBIS 110,Management Information Systems [Sec A] / Information Systems [Sec A] / Introduction to Business Information Systems [Sec A],3.0,R. W. Ambeh-Doh,GEN. LAB,Monday,10:00 AM - 12:30 PM
BBIS 338,Enterprise Systems [Sec A],3.0,R. W. Ambeh-Doh,MET 103,Thursday,2:00 PM - 4:30 PM
INFT 115,Information Technology Foundation [Sec A],3.0,R. W. Ambeh-Doh,CH1-1,Wednesday,7:00 AM - 9:30 AM
INFT 480 / BBIS 304,Data Warehousing [Sec A] / Business Intelligence and Dataware Housing [Sec A],3.0,S. Ganu,Baobab RM5,Wednesday,2:00 PM - 4:30 PM
BBIS 488,Decision Support Systems [Sec A],3.0,S. Ganu,Baobab RM1,Tuesday,10:00 AM - 12:30 PM
COSC 240 / INFT 346,Systems Programming {Sec A] / DotNet Programming [Sec A],3.0,S. Ganu,CH3-1&2,Monday,2:00 PM - 4:30 PM
INFT 410,Internet-Enabled Applications Systems Development,3.0,S. Sebuabe,Baobab RM5,Tuesday,2:00 PM - 4:30 PM
INFT 340,Computer Vision: Concepts and Application [Sec A],3.0,S. Sebuabe,CS LAB,Tuesday,10:00 AM - 12:30 PM
COSC 250 / BBIS 203,Computer Ethics [Sec A] / IT Professional Ethics and Practice [Sec A],3.0,S. Sebuabe,American High,Friday,10:00 AM - 12:30 PM
STAT 384,Probability and Statistics [Sec A],3.0,TBA,American High,Thursday,2:00 PM - 4:30 PM
COSC 370 / INFT 370,Operations Research [Sec A] / Management Science [Sec A],3.0,Dr. A. Adu-Sackey,CS1,Tuesday,2:00 PM - 4:30 PM
MATH 112,Calculus I [Sec A],3.0,Dr. G. Biney,American High,Friday,7:00 AM - 9:30 AM
MATH 214,Multivariable Calculus [Sec A],3.0,Dr. G. Biney,American High,Tuesday,7:00 AM - 9:30 AM
COSC 272 / INFT 372,Data Communication & Computer Network II [Sec A] / Network Project Management,3.0,E. Okoe,CS2,Thursday,7:00 AM - 9:30 AM
COSC 130,Digital Electronics [Sec A],3.0,E. Okoe,CS2,Wednesday,2:00 PM - 4:30 PM
COSC 124,Procedural Programming [Sec A],3.0,E. Okoe,Baobab RM3,Wednesday,7:00 AM - 9:30 AM
COSC 117,Fundamentals of Computing Skills [Sec B],3.0,G. Preprah Tanoah,CS LAB,Monday,2:00 PM - 4:30 PM
BBIS 213,IT for Business (MOS) [Sec A],3.0,G. Preprah Tanoah,CS3,Tuesday,7:00 AM - 9:30 AM
COSC 117,Fundamentals of Computing Skills [Sec A],3.0,G. Preprah Tanoah,CS3,Friday,7:00 AM - 9:30 AM
BBIS 260,Web and Social Management Tools [Sec A],3.0,G. Preprah Tanoah,Baobab RM3,Thursday,7:00 AM - 9:30 AM
PHYS 103,Physics [Sec A],3.0,J. Okyere Asirifi,Baobab RM3,Thursday,2:00 PM - 4:30 PM
COSC 470,/ INFT 470 Computer & Cyber Forensics,3.0,M. Asare,Baobab RM3,Wednesday,10:00 AM - 12:30 PM
INFT 446,Systems and Network Administration [Sec A],3.0,M. Asare,GEN. LAB,Wednesday,2:00 PM - 4:30 PM
INFT 459 / COSC 352,Enterprise Information Security [Sec A] / Computer Security [Sec A],3.0,M. Doe,CS1,Wednesday,2:00 PM - 4:30 PM
INFT 420,Computer-Human Interaction [Sec A],3.0,M. Doe,Baobab RM5,Tuesday,10:00 AM - 12:30 PM
STAT 202,Statistical Methods for Health Sciences [Sec A],3.0,O. Osei-Tutu,Baobab RM3,Monday,7:00 AM - 9:30 AM
STAT 202,Statistical Methods for Health Sciences [HAC Sec A],3.0,O. Osei-Tutu,Baobab RM3,Monday,10:00 AM - 12:30 PM
MATH 121,College Algebra [Sec A],3.0,O. Osei-Tutu,Baobab RM3,Thursday,10:00 AM - 12:30 PM
STAT 202,Statistical Methods for Health Sciences [Sec B],3.0,O. Osei-Tutu,Baobab RM5,Thursday,2:00 PM - 4:30 PM
MATH 101,Algebra [Sec A],3.0,Prof. W. Oblitey,CS LAB,Tuesday,10:00 AM - 12:30 PM
MATH 171,Introductory Mathematics for Computer Science,3.0,Prof. W. Oblitey,CS2,Wednesday,7:00 AM - 9:30 AM
MATH 172,Discrete & Continuous Mathematics [Sec A],3.0,Prof. L. Asiedu,American High,Thursday,10:00 AM - 12:30 PM
CSCD 119,Introduction to Computer Science [Sec A],3.0,Prof. P. Yaw Owusu Amoako,Baobab RM5,Wednesday,7:00 AM - 9:30 AM
COSC 224,Object-Oriented Programming [Sec A],3.0,Prof. P. Yaw Owusu Amoako,CS LAB,Thursday,10:00 AM - 12:30 PM
COCS 364 / INFT 364,Research Methods [Sec A],3.0,Prof. P. Yaw Owusu Amoako,CS LAB,Friday,10:00 AM - 12:30 PM
COSC 480,Compiler Design [Sec A],3.0,Prof. P. Yaw Owusu Amoako,GEN. LAB,Thursday,2:00 PM - 4:30 PM
BBIS 226,Business Process Modeling and Workflow [Sec A],3.0,Prof. W. Ofoe Larkotey,Baobab RM3,Tuesday,7:00 AM - 9:30 AM
BBIS 432,IS Consultancy Practices Solution Develop [Sec A],3.0,Prof. W. Ofoe Larkotey,CS1,Thursday,7:00 AM - 9:30 AM
RNSG 101,Nursing and Midwifery Informatics [Sec A] [Jan. Batch],3.0,R. Amponsah,CS3,Tuesday,2:00 PM - 4:30 PM
COSC 346 / INFT 346,Software Engineering [Sec A] / Software Development Life Cycle [Sec A],3.0,R. Amponsah,GEN. LAB,Wednesday,10:00 AM - 12:30 PM
COSC 113,Elements of Programming [Sec A],3.0,R. Amponsah,GEN. LAB,Thursday,10:00 AM - 12:30 PM
INFT 281 / COSC 280 / BBIS 110,Management Information Systems [Sec A] / Information Systems [Sec A] / Introduction to Business Information Systems [Sec A],3.0,R. W. Ambeh-Doh,CS2,Thursday,10:00 AM - 12:30 PM
BBIS 338,Enterprise Systems [Sec A],3.0,R. W. Ambeh-Doh,Baobab RM3,Wednesday,2:00 PM - 4:30 PM
INFT 115,Information Technology Foundation [Sec A],3.0,R. W. Ambeh-Doh,GEN. LAB,Monday,10:00 AM - 12:30 PM
INFT 480 / BBIS 304,Data Warehousing [Sec A] / Business Intelligence and Dataware Housing [Sec A],3.0,S. Ganu,Baobab RM3,Tuesday,10:00 AM - 12:30 PM
BBIS 488,Decision Support Systems [Sec A],3.0,S. Ganu,CS3,Wednesday,2:00 PM - 4:30 PM
COSC 240 / INFT 346,Systems Programming [Sec A] / DotNet Programming [Sec A],3.0,S. Ganu,CS2,Thursday,2:00 PM - 4:30 PM
INFT 410,Internet-Enabled Applications Systems Development,3.0,S. Sebuabe,Baobab RM3,Tuesday,2:00 PM - 4:30 PM
INFT 340,Computer Vision: Concepts and Application [Sec A],3.0,S. Sebuabe,CS3,Monday,7:00 AM - 9:30 AM
COSC 250 / BBIS 203,Computer Ethics [Sec A] / IT Professional Ethics and Practice [Sec A],3.0,S. Sebuabe,CS LAB,Thursday,2:00 PM - 4:30 PM
STAT 384,Probability and Statistics [Sec A],3.0,TBA,CS3,Thursday,10:00 AM - 12:30 PM
COSC 370 / INFT 370,Operations Research [Sec A] / Management Science [Sec A],3.0,Dr. A. Adu-Sackey,CS3,Tuesday,7:00 AM - 9:30 AM
MATH 112,Calculus I [Sec A],3.0,Dr. G. Biney,GEN. LAB,Monday,10:00 AM - 12:30 PM
MATH 214,Multivariable Calculus [Sec A],3.0,Dr. G. Biney,CS LAB,Friday,10:00 AM - 12:30 PM
MATH 121,College Algebra [Sec A],3.0,O. Osei-Tutu,Baobab RM5,Wednesday,2:00 PM - 4:30 PM
MATH 101,Algebra [Sec A],3.0,Prof. W. Oblitey,CS2,Tuesday,2:00 PM - 4:30 PM
STAT 202,Statistical Methods for Health Sciences [Sec A],3.0,O. Osei-Tutu,Baobab RM3,Thursday,7:00 AM - 9:30 AM
STAT 202,Statistical Methods for Health Sciences [HAC Sec A],3.0,O. Osei-Tutu,CS1,Thursday,2:00 PM - 4:30 PM
STAT 202,Statistical Methods for Health Sciences [Sec B],3.0,O. Osei-Tutu,Baobab RM3,Tuesday,2:00 PM - 4:30 PM
MATH 171,Introductory Mathematics for Computer Science,3.0,Prof. W. Oblitey,Baobab RM5,Monday,2:00 PM - 4:30 PM
COSC 272 / INFT 372,Data Communication & Computer Network II [Sec A] / Network Project Management,3.0,E. Okoe,Baobab RM3,Wednesday,2:00 PM - 4:30 PM
COSC 130,Digital Electronics [Sec A],3.0,E. Okoe,Baobab RM5,Wednesday,7:00 AM - 9:30 AM
COSC 124,Procedural Programming [Sec A],3.0,E. Okoe,GEN. LAB,Thursday,10:00 AM - 12:30 PM
COSC 117,Fundamentals of Computing Skills [Sec B],3.0,G. Preprah Tanoah,American High,Thursday,10:00 AM - 12:30 PM
BBIS 213,IT for Business (MOS) [Sec A],3.0,G. Preprah Tanoah,GEN. LAB,Wednesday,7:00 AM - 9:30 AM
COSC 117,Fundamentals of Computing Skills [Sec A],3.0,G. Preprah Tanoah,CS2,Tuesday,7:00 AM - 9:30 AM
BBIS 260,Web and Social Management Tools [Sec A],3.0,G. Preprah Tanoah,CS3,Friday,10:00 AM - 12:30 PM
PHYS 103,Physics [Sec A],3.0,J. Okyere Asirifi,CS LAB,Thursday,7:00 AM - 9:30 AM
COSC 470,/ INFT 470 Computer & Cyber Forensics,3.0,M. Asare,Baobab RM5,Thursday,7:00 AM - 9:30 AM
INFT 446,Systems and Network Administration [Sec A],3.0,M. Asare,CS2,Thursday,10:00 AM - 12:30 PM
INFT 459 / COSC 352,Enterprise Information Security [Sec A] / Computer Security [Sec A],3.0,M. Doe,CS1,Friday,10:00 AM - 12:30 PM
INFT 420,Computer-Human Interaction [Sec A],3.0,M. Doe,Baobab RM3,Tuesday,7:00 AM - 9:30 AM
MATH 172,Discrete & Continuous Mathematics [Sec A],3.0,Prof. L. Asiedu,CS3,Friday,7:00 AM - 9:30 AM
CSCD 119,Introduction to Computer Science [Sec A],3.0,Prof. P. Yaw Owusu Amoako,CS LAB,Wednesday,7:00 AM - 9:30 AM
COSC 224,Object-Oriented Programming [Sec A],3.0,Prof. P. Yaw Owusu Amoako,GEN. LAB,Tuesday,10:00 AM - 12:30 PM
COCS 364 / INFT 364,Research Methods [Sec A],3.0,Prof. P. Yaw Owusu Amoako,CS2,Wednesday,10:00 AM - 12:30 PM
COSC 480,Compiler Design [Sec A],3.0,Prof. P. Yaw Owusu Amoako,CS LAB,Friday,7:00 AM - 9:30 AM
BBIS 226,Business Process Modeling and Workflow [Sec A],3.0,Prof. W. Ofoe Larkotey,Baobab RM5,Friday,10:00 AM - 12:30 PM
BBIS 432,IS Consultancy Practices Solution Develop [Sec A],3.0,Prof. W. Ofoe Larkotey,CS3,Thursday,7:00 AM - 9:30 AM
RNSG 101,Nursing and Midwifery Informatics [Sec A] [Jan. Batch],3.0,R. Amponsah,CS LAB,Thursday,10:00 AM - 12:30 PM
COSC 346 / INFT 346,Software Engineering [Sec A] / Software Development Life Cycle [Sec A],3.0,R. Amponsah,Baobab RM3,Tuesday,10:00 AM - 12:30 PM
COSC 113,Elements of Programming [Sec A],3.0,R. Amponsah,American High,Thursday,7:00 AM - 9:30 AM
INFT 281 / COSC 280 / BBIS 110,Management Information Systems [Sec A] / Information Systems [Sec A] / Introduction to Business Information Systems [Sec A],3.0,R. W. Ambeh-Doh,GEN. LAB,Wednesday,10:00 AM - 12:30 PM
BBIS 338,Enterprise Systems [Sec A],3.0,R. W. Ambeh-Doh,Baobab RM5,Thursday,10:00 AM - 12:30 PM
INFT 115,Information Technology Foundation [Sec A],3.0,R. W. Ambeh-Doh,CS1,Thursday,7:00 AM - 9:30 AM
INFT 480 / BBIS 304,Data Warehousing [Sec A] / Business Intelligence and Dataware Housing [Sec A],3.0,S. Ganu,CS1,Thursday,10:00 AM - 12:30 PM
BBIS 488,Decision Support Systems [Sec A],3.0,S. Ganu,GEN. LAB,Friday,10:00 AM - 12:30 PM
COSC 240 / INFT 346,Systems Programming {Sec A] / DotNet Programming [Sec A],3.0,S. Ganu,Baobab RM5,Tuesday,7:00 AM - 9:30 AM
INFT 410,Internet-Enabled Applications Systems Development,3.0,S. Sebuabe,CS3,Tuesday,2:00 PM - 4:30 PM
INFT 340,Computer Vision: Concepts and Application [Sec A],3.0,S. Sebuabe,CS LAB,Monday,10:00 AM - 12:30 PM
COSC 250 / BBIS 203,Computer Ethics [Sec A] / IT Professional Ethics and Practice [Sec A],3.0,S. Sebuabe,Baobab RM3,Thursday,2:00 PM - 4:30 PM
STAT 384,Probability and Statistics [Sec A],3.0,TBA,Baobab RM3,Wednesday,10:00 AM - 12:30 PM
COSC 370,Operations Research,3.0,Dr. A. Adu-Sackey,CS2,Wednesday,2:00 PM - 4:30 PM
INFT 370,Management Science,3.0,Dr. A. Adu-Sackey,CS2,Wednesday,7:00 AM - 9:30 AM
INFT 364,Research Methods,3.0,Prof. P. Yaw Owusu Amoako,American High,Thursday,7:00 AM - 9:30 AM
INFT 346,Software Development Life Cycle,3.0,R. Amponsah,GEN. LAB,Wednesday,2:00 PM - 4:30 PM
CSCD 119,Introduction to Computer Science,3.0,Prof. P. Yaw Owusu Amoako,American High,Wednesday,2:00 PM - 4:30 PM
COSC 224,Object-Oriented Programming,3.0,Prof. P. Yaw Owusu Amoako,Baobab RM3,Friday,10:00 AM - 12:30 PM
COSC 364,Research Methods,3.0,Prof. P. Yaw Owusu Amoako,CS LAB,Tuesday,7:00 AM - 9:30 AM
COSC 480,Compiler Design,3.0,Prof. P. Yaw Owusu Amoako,American High,Wednesday,10:00 AM - 12:30 PM
COSC 272,Data Communication & Computer Network II,3.0,E. Okoe,CS3,Thursday,10:00 AM - 12:30 PM
ACCT 210,Financial Accounting II,3.0,TBA,Baobab RM3,Monday,7:00 AM - 9:30 AM
INFT 372,Network Project Management,3.0,E. Okoe,CS1,Tuesday,2:00 PM - 4:30 PM
COSC 130,Digital Electronics,3.0,E. Okoe,Baobab RM3,Wednesday,10:00 AM - 12:30 PM
COSC 124,Procedural Programming,3.0,E. Okoe,Baobab RM3,Wednesday,7:00 AM - 9:30 AM
COSC 113,Elements of Programming,3.0,R. Amponsah,CS1,Tuesday,10:00 AM - 12:30 PM
PHYS 103,Physics,3.0,J. Okyere Asirifi,CS3,Tuesday,2:00 PM - 4:30 PM
MATH 172,Discrete & Continuous Mathematics,3.0,Prof. L. Asiedu,CS LAB,Thursday,7:00 AM - 9:30 AM
MATH 171,Introductory Mathematics for Computer Science,3.0,Prof. W. Oblitey,CS LAB,Monday,7:00 AM - 9:30 AM
INFT 115,Information Technology Foundation,3.0,R. W. Ambeh-Doh,CS1,Thursday,10:00 AM - 12:30 PM
RNSG 101,Nursing and Midwifery Informatics,3.0,R. Amponsah,GEN. LAB,Tuesday,2:00 PM - 4:30 PM
COSC 346,Software Engineering,3.0,R. Amponsah,CS3,Thursday,7:00 AM - 9:30 AM
BBIS 213,IT for Business (MOS),3.0,G. Preprah Tanoah,CS2,Thursday,10:00 AM - 12:30 PM
MATH 101,Algebra,3.0,Prof. W. Oblitey,Baobab RM5,Monday,10:00 AM - 12:30 PM
STAT 384,Probability and Statistics,3.0,TBA,Baobab RM5,Tuesday,7:00 AM - 9:30 AM
ACCT 211,Financial Accounting I,3.0,TBA,GEN. LAB,Wednesday,10:00 AM - 12:30 PM
COSC 117,Fundamentals of Computing Skills,3.0,G. Preprah Tanoah,American High,Tuesday,10:00 AM - 12:30 PM
BBIS 260,Web and Social Management Tools,3.0,G. Preprah Tanoah,CS1,Thursday,2:00 PM - 4:30 PM
BBIS 226,Business Process Modeling and Workflow,3.0,Prof. W. Ofoe Larkotey,CS2,Tuesday,7:00 AM - 9:30 AM
BBIS 432,IS Consultancy Practices Solution Develop,3.0,Prof. W. Ofoe Larkotey,CS LAB,Tuesday,10:00 AM - 12:30 PM
INFT 281,Management Information Systems,3.0,R. W. Ambeh-Doh,CS2,Monday,7:00 AM - 9:30 AM
COSC 280,Information Systems,3.0,R. W. Ambeh-Doh,CS3,Wednesday,2:00 PM - 4:30 PM
BBIS 110,Introduction to Business Information Systems,3.0,R. W. Ambeh-Doh,CS3,Wednesday,10:00 AM - 12:30 PM
BBIS 338,Enterprise Systems,3.0,R. W. Ambeh-Doh,CS3,Monday,10:00 AM - 12:30 PM
MATH 112,Calculus I,3.0,Dr. G. Biney,CS3,Monday,7:00 AM - 9:30 AM
MATH 214,Multivariable Calculus,3.0,Dr. G. Biney,CS LAB,Wednesday,10:00 AM - 12:30 PM
COSC 470,Computer & Cyber Forensics,3.0,M. Asare,American High,Thursday,10:00 AM - 12:30 PM
INFT 470,Computer & Cyber Forensics,3.0,M. Asare,CS2,Thursday,7:00 AM - 9:30 AM
INFT 446,Systems and Network Administration,3.0,M. Asare,Baobab RM5,Wednesday,10:00 AM - 12:30 PM
INFT 459,Enterprise Information Security,3.0,M. Doe,CS2,Tuesday,2:00 PM - 4:30 PM
COSC 352,Computer Security,3.0,M. Doe,Baobab RM5,Wednesday,2:00 PM - 4:30 PM
INFT 420,Computer-Human Interaction,3.0,M. Doe,Baobab RM3,Tuesday,10:00 AM - 12:30 PM
STAT 202,Statistical Methods for Health Sciences,3.0,O. Osei-Tutu,GEN. LAB,Friday,7:00 AM - 9:30 AM
MATH 121,College Algebra,3.0,O. Osei-Tutu,CS1,Wednesday,7:00 AM - 9:30 AM
INFT 480,Data Warehousing,3.0,S. Ganu,American High,Monday,7:00 AM - 9:30 AM
BBIS 304,Business Intelligence and Data Warehousing,3.0,S. Ganu,Baobab RM5,Tuesday,2:00 PM - 4:30 PM
BBIS 488,Decision Support Systems,3.0,S. Ganu,GEN. LAB,Tuesday,10:00 AM - 12:30 PM
COSC 240,Systems Programming,3.0,S. Ganu,GEN. LAB,Thursday,2:00 PM - 4:30 PM
INFT 240,DotNet Programming,3.0,S. Ganu,CS LAB,Friday,7:00 AM - 9:30 AM
INFT 410,Internet-Enabled Applications Systems Development,3.0,S. Sebuabe,American High,Monday,2:00 PM - 4:30 PM
INFT 340,Computer Vision: Concepts and Application,3.0,S. Sebuabe,CS LAB,Wednesday,2:00 PM - 4:30 PM
COSC 250,Computer Ethics,3.0,S. Sebuabe,Baobab RM3,Thursday,7:00 AM - 9:30 AM
BBIS 203,IT Professional Ethics and Practice,3.0,S. Sebuabe,CS3,Thursday,2:00 PM - 4:30 PM
COSC 117,Fundamentals of Computing Skills [Sec B],3.0,G. Preprah Tanoah,MET 103,Wednesday,2:00 PM - 4:30 PM
BBIS 213,IT for Business (MOS) [Sec A],3.0,G. Preprah Tanoah,Baobab RM5,Thursday,2:00 PM - 4:30 PM
COSC 117,Fundamentals of Computing Skills [Sec A],3.0,G. Preprah Tanoah,Baobab RM3,Wednesday,10:00 AM - 12:30 PM
BBIS 260,Web and Social Management Tools [Sec A],3.0,G. Preprah Tanoah,Bulley Room 3,Monday,7:00 AM - 9:30 AM
CSCD 119,Introduction to Computer Science [Sec A],3.0,Prof. P. Yaw Owusu Amoako,CS1,Tuesday,7:00 AM - 9:30 AM
COSC 224,Object-Oriented Programming [Sec A],3.0,Prof. P. Yaw Owusu Amoako,American High,Thursday,2:00 PM - 4:30 PM
COCS 364 / INFT 364,Research Methods [Sec A],3.0,Prof. P. Yaw Owusu Amoako,Baobab RM3,Friday,7:00 AM - 9:30 AM
COSC 480,Compiler Design [Sec A],3.0,Prof. P. Yaw Owusu Amoako,CC3,Monday,2:00 PM - 4:30 PM
COSC 272 / INFT 372,Data Communication & Computer Network II [Sec A] / Network Project Management,3.0,E. Okoe,Baobab RM1,Tuesday,10:00 AM - 12:30 PM
COSC 130,Digital Electronics [Sec A],3.0,E. Okoe,Bulley Room 5,Tuesday,2:00 PM - 4:30 PM
COSC 124,Procedural Programming [Sec A],3.0,E. Okoe,CS3,Thursday,10:00 AM - 12:30 PM
INFT 281 / COSC 280 / BBIS 110,Management Information Systems [Sec A] / Information Systems [Sec A] / Introduction to Business Information Systems [Sec A],3.0,R. W. Ambeh-Doh,Baobab RM1,Wednesday,2:00 PM - 4:30 PM
BBIS 338,Enterprise Systems [Sec A],3.0,R. W. Ambeh-Doh,Bulley Room 1,Wednesday,7:00 AM - 9:30 AM
INFT 115,Information Technology Foundation [Sec A],3.0,R. W. Ambeh-Doh,Bulley Room 2,Monday,2:00 PM - 4:30 PM
INFT 480 / BBIS 304,Data Warehousing [Sec A] / Business Intelligence and Dataware Housing [Sec A],3.0,S. Ganu,MET 103,Monday,2:00 PM - 4:30 PM
BBIS 488,Decision Support Systems [Sec A],3.0,S. Ganu,MET 101,Tuesday,2:00 PM - 4:30 PM
COSC 240 / INFT 346,Systems Programming {Sec A] / DotNet Programming [Sec A],3.0,S. Ganu,American High,Wednesday,2:00 PM - 4:30 PM
INFT 410,Internet-Enabled Applications Systems Development,3.0,S. Sebuabe,CS LAB,Wednesday,10:00 AM - 12:30 PM
INFT 340,Computer Vision: Concepts and Application [Sec A],3.0,S. Sebuabe,Baobab RM5,Tuesday,10:00 AM - 12:30 PM
COSC 250 / BBIS 203,Computer Ethics [Sec A] / IT Professional Ethics and Practice [Sec A],3.0,S. Sebuabe,American High,Thursday,10:00 AM - 12:30 PM
COSC 470,/ INFT 470 Computer & Cyber Forensics,3.0,M. Asare,CC3,Wednesday,10:00 AM - 12:30 PM
INFT 446,Systems and Network Administration [Sec A],3.0,M. Asare,Baobab RM1,Tuesday,7:00 AM - 9:30 AM
INFT 459 / COSC 352,Enterprise Information Security [Sec A] / Computer Security [Sec A],3.0,M. Doe,Bulley Room 3,Wednesday,10:00 AM - 12:30 PM
INFT 420,Computer-Human Interaction [Sec A],3.0,M. Doe,CS3,Wednesday,2:00 PM - 4:30 PM
BBIS 226,Business Process Modeling and Workflow [Sec A],3.0,Prof. W. Ofoe Larkotey,Bulley Room 4,Monday,2:00 PM - 4:30 PM
BBIS 432,IS Consultancy Practices Solution Develop [Sec A],3.0,Prof. W. Ofoe Larkotey,CS3,Tuesday,10:00 AM - 12:30 PM
COSC 346 / INFT 346,Software Engineering [Sec A] / Software Development Life Cycle [Sec A],3.0,R. Amponsah,Bulley Room 1,Thursday,10:00 AM - 12:30 PM
COSC 113,Elements of Programming [Sec A],3.0,R. Amponsah,Baobab RM5,Friday,10:00 AM - 12:30 PM
COSC 370 / INFT 370,Operations Research [Sec A] / Management Science [Sec A],3.0,Dr. A. Adu-Sackey,Bulley Room 5,Thursday,10:00 AM - 12:30 PM
COSC 117,Fundamentals of Computing Skills [Sec B],3.0,G. Preprah Tanoah,GEN. LAB,Thursday,7:00 AM - 9:30 AM
BBIS 213,IT for Business (MOS) [Sec A],3.0,G. Preprah Tanoah,GEN. LAB,Thursday,10:00 AM - 12:30 PM
COSC 117,Fundamentals of Computing Skills [Sec A],3.0,G. Preprah Tanoah,CS3,Monday,2:00 PM - 4:30 PM
BBIS 260,Web and Social Management Tools [Sec A],3.0,G. Preprah Tanoah,CS1,Friday,7:00 AM - 9:30 AM
CSCD 119,Introduction to Computer Science [Sec A],3.0,Prof. P. Yaw Owusu Amoako,CS3,Monday,10:00 AM - 12:30 PM
COSC 224,Object-Oriented Programming [Sec A],3.0,Prof. P. Yaw Owusu Amoako,CS2,Thursday,7:00 AM - 9:30 AM
COCS 364 / INFT 364,Research Methods [Sec A],3.0,Prof. P. Yaw Owusu Amoako,American High,Wednesday,2:00 PM - 4:30 PM
COSC 480,Compiler Design [Sec A],3.0,Prof. P. Yaw Owusu Amoako,CS1,Tuesday,7:00 AM - 9:30 AM
COSC 272 / INFT 372,Data Communication & Computer Network II [Sec A] / Network Project Management,3.0,E. Okoe,American High,Monday,10:00 AM - 12:30 PM
COSC 130,Digital Electronics [Sec A],3.0,E. Okoe,CS2,Monday,7:00 AM - 9:30 AM
COSC 124,Procedural Programming [Sec A],3.0,E. Okoe,CS LAB,Thursday,10:00 AM - 12:30 PM
INFT 281 / COSC 280 / BBIS 110,Management Information Systems [Sec A] / Information Systems [Sec A] / Introduction to Business Information Systems [Sec A],3.0,R. W. Ambeh-Doh,CS3,Tuesday,7:00 AM - 9:30 AM
BBIS 338,Enterprise Systems [Sec A],3.0,R. W. Ambeh-Doh,CS2,Monday,2:00 PM - 4:30 PM
INFT 115,Information Technology Foundation [Sec A],3.0,R. W. Ambeh-Doh,American High,Tuesday,2:00 PM - 4:30 PM
INFT 480 / BBIS 304,Data Warehousing [Sec A] / Business Intelligence and Dataware Housing [Sec A],3.0,S. Ganu,CS1,Monday,2:00 PM - 4:30 PM
BBIS 488,Decision Support Systems [Sec A],3.0,S. Ganu,American High,Friday,10:00 AM - 12:30 PM
COSC 240 / INFT 346,Systems Programming {Sec A] / DotNet Programming [Sec A],3.0,S. Ganu,CS LAB,Tuesday,7:00 AM - 9:30 AM
INFT 410,Internet-Enabled Applications Systems Development,3.0,S. Sebuabe,CS1,Wednesday,10:00 AM - 12:30 PM
INFT 340,Computer Vision: Concepts and Application [Sec A],3.0,S. Sebuabe,CS2,Tuesday,7:00 AM - 9:30 AM
COSC 250 / BBIS 203,Computer Ethics [Sec A] / IT Professional Ethics and Practice [Sec A],3.0,S. Sebuabe,CS LAB,Monday,2:00 PM - 4:30 PM
COSC 470,/ INFT 470 Computer & Cyber Forensics,3.0,M. Asare,CS LAB,Monday,7:00 AM - 9:30 AM
INFT 446,Systems and Network Administration [Sec A],3.0,M. Asare,CS3,Wednesday,7:00 AM - 9:30 AM
INFT 459 / COSC 352,Enterprise Information Security [Sec A] / Computer Security [Sec A],3.0,M. Doe,American High,Tuesday,10:00 AM - 12:30 PM
INFT 420,Computer-Human Interaction [Sec A],3.0,M. Doe,American High,Thursday,2:00 PM - 4:30 PM
BBIS 226,Business Process Modeling and Workflow [Sec A],3.0,Prof. W. Ofoe Larkotey,CS1,Tuesday,10:00 AM - 12:30 PM
BBIS 432,IS Consultancy Practices Solution Develop [Sec A],3.0,Prof. W. Ofoe Larkotey,CS LAB,Wednesday,7:00 AM - 9:30 AM
COSC 346 / INFT 346,Software Engineering [Sec A] / Software Development Life Cycle [Sec A],3.0,R. Amponsah,CS2,Wednesday,2:00 PM - 4:30 PM
COSC 113,Elements of Programming [Sec A],3.0,R. Amponsah,CS LAB,Wednesday,10:00 AM - 12:30 PM
COSC 370 / INFT 370,Operations Research [Sec A] / Management Science [Sec A],3.0,Dr. A. Adu-Sackey,CS2,Wednesday,7:00 AM - 9:30 AM
GNED 230,Career Exploration and Planning [Sec A],NC,Ama O. Karikari,Baobab RM5,Wednesday,2:00 PM - 4:30 PM
GNED 468,Job Search Strategies and Techniques [Sec B],NC,Ama O. Karikari,Baoaba RM5,Thursday,2:00 PM - 4:30 PM
GNED 125,Study Skills [Sec B] (SONM),NC,Ama O. Karikari,Bulley Room 1,Tuesday,7:00 AM - 9:30 AM
GNED 125,Study Skills [Sec A],NC,Ama O. Karikari,Baobab RM1,Monday,2:00 PM - 4:30 PM
ENGL 111,Language and Writing Skills I [Sec B],2,Dr. S. Adjei-Mensah,Bulley Room 1,Friday,7:00 AM - 9:30 AM
ENGL 111,Language and Writing Skills I [Sec D] (SONM),2,Dr. S. Adjei-Mensah,Baobab RM5,Thursday,10:00 AM - 12:30 PM
ENGL 111,Language and Writing Skills I [Sec A],2,Dr. S. Adjei-Mensah,Baobab RM1,Tuesday,10:00 AM - 12:30 PM
ENGL 111,Language and Writing Skills I [Sec C] (SONM),2,Dr. S. Adjei-Mensah,Bulley Room 5,Monday,7:00 AM - 9:30 AM
ENGL 112,Language and Writing Skills II [Sec B] (FOS & SOB),2,C. Pokuaa,Baobab RM1,Wednesday,2:00 PM - 4:30 PM
ENGL 112,Language and Writing Skills II [Sec A] (SONM),2,C. Pokuaa,Bulley Room 1,Thursday,2:00 PM - 4:30 PM
ENGL 112,Language and Writing Skills II [Sec C] (SOE & FASS),2,C. Pokuaa,Baobab RM1,Wednesday,7:00 AM - 9:30 AM
CMME 115,Introduction to Communication Skills [Sec A],2,Dr. A. Oye,Bulley Room 1,Wednesday,2:00 PM - 4:30 PM
CMME 115,Introduction to Communication Skills [Sec C],2,Dr. A. Oye,Bulley Room 3,Thursday,10:00 AM - 12:30 PM
CMME 115,Introduction to Communication Skills [Sec B](SONM),2,Dr. A. Oye,Bulley Room 3,Thursday,2:00 PM - 4:30 PM
PEAC 100,Physical Activity [Sec A],NC,K. Oheneba Nti,B. Ball Court,Monday,5:00 PM - 6:00 PM
HLTH 200,Health Principles [Sec A],3,K. Oheneba Nti,multipurpose hall,Tuesday,10:00 AM - 12:30 PM
HLTH 200,Health Principles [Sec B],3,K. Oheneba Nti,Baobab RM3,Monday,2:00 PM - 4:30 PM
AFST 205,Introduction to African Music [Sec A],1,E. Boahen,Baobab RM5,Friday,7:00 AM - 9:30 AM
AFST 205,Introduction to African Music [Sec B],1,E. Boahen,multipurpose hall,Monday,10:00 AM - 12:30 PM
AFST 243,Chieftaincy and Development [Sec B],1,F. Opoku,multipurpose hall,Thursday,7:00 AM - 9:30 AM
AFST 243,Chieftaincy and Development [Sec A],1,F. Opoku,multipurpose hall,Monday,7:00 AM - 9:30 AM
FREN 121,French for General Communication I [Sec A],2,J. Elorm Doufodji,Baobab RM5,Tuesday,2:00 PM - 4:30 PM
FREN 121,French for General Communication I [Sec B],2,J. Elorm Doufodji,multipurpose hall,Monday,2:00 PM - 4:30 PM
FREN 122,French for General Communication II [Sec A],2,J. Rhule,Baobab RM3,Tuesday,2:00 PM - 4:30 PM
FREN 122,French for General Communication II [Sec B],2,J. Rhule,Bulley Room 4,Wednesday,10:00 AM - 12:30 PM
PSYC 105,Introduction to Psychology [Sec A],3,Akua K. Amponsah,Bulley Room 5,Wednesday,2:00 PM - 4:30 PM
SOCI 115,Principles of Sociology [Sec A],3,Dr. D. Dovie,Baobab RM3,Wednesday,7:00 AM - 9:30 AM
RELG 451,Bible and Family Dynamics [Sec B],3,Dr. J. Andor,Bulley Room 1,Tuesday,10:00 AM - 12:30 PM
RELG 451,Bible and Family Dynamics [Sec A],3,Dr. S. Amoh,American High,Monday,2:00 PM - 4:30 PM
MATH 121,College Algebra [Sec A],3,O. Osei-Tutu,Bulley Room 4,Tuesday,2:00 PM - 4:30 PM
GNED 230,Career Exploration and Planning [Sec A],NC,Ama O. Karikari,Bulley Room 5,Tuesday,7:00 AM - 9:30 AM,200,1,7:00 AM
GNED 468,Job Search Strategies and Techniques [Sec B],NC,Ama O. Karikari,Bulley Room 1,Monday,7:00 AM - 9:30 AM,400,1,7:00 AM
GNED 125,Study Skills [Sec B] (SONM),NC,Ama O. Karikari,Baobab RM2,Wednesday,2:00 PM - 4:30 PM,100,2,2:00 PM
GNED 125,Study Skills [Sec A],NC,Ama O. Karikari,Baobab RM6,Friday,7:00 AM - 9:30 AM,100,2,7:00 AM
ENGL 111,Language and Writing Skills I [Sec B],2,Dr. S. Adjei-Mensah,Baoaba RM5,Thursday,7:00 AM - 9:30 AM,100,2,7:00 AM
ENGL 111,Language and Writing Skills I [Sec D] (SONM),2,Dr. S. Adjei-Mensah,Bulley Room 3,Monday,2:00 PM - 4:30 PM,100,2,2:00 PM
ENGL 111,Language and Writing Skills I [Sec A],2,Dr. S. Adjei-Mensah,Bulley Room 3,Tuesday,2:00 PM - 4:30 PM,100,1,2:00 PM
ENGL 111,Language and Writing Skills I [Sec C] (SONM),2,Dr. S. Adjei-Mensah,Baoaba RM5,Friday,10:00 AM - 12:30 PM,100,2,10:00 AM
ENGL 112,Language and Writing Skills II [Sec B] (FOS & SOB),2,C. Pokuaa,Boabab RM5,Tuesday,2:00 PM - 4:30 PM,100,2,2:00 PM
ENGL 112,Language and Writing Skills II [Sec A] (SONM),2,C. Pokuaa,Bulley Room 1,Tuesday,10:00 AM - 12:30 PM,100,1,10:00 AM
ENGL 112,Language and Writing Skills II [Sec C] (SOE & FASS),2,C. Pokuaa,Bulley Room 5,Wednesday,7:00 AM - 9:30 AM,100,1,7:00 AM
CMME 115,Introduction to Communication Skills [Sec A],2,Dr. A. Oye,Baobab RM3,Thursday,2:00 PM - 4:30 PM,100,2,2:00 PM
CMME 115,Introduction to Communication Skills [Sec C],2,Dr. A. Oye,Baobab RM5,Wednesday,10:00 AM - 12:30 PM,100,1,10:00 AM
CMME 115,Introduction to Communication Skills [Sec B](SONM),2,Dr. A. Oye,Baoaba RM5,Wednesday,7:00 AM - 9:30 AM,100,2,7:00 AM
PEAC 100,Physical Activity [Sec A],NC,K. Oheneba Nti,B. Ball Court,Monday,5:00 PM - 6:00 PM,100,1,5:00 PM
HLTH 200,Health Principles [Sec A],3,K. Oheneba Nti,Baobab RM6,Wednesday,10:00 AM - 12:30 PM,100,2,10:00 AM
HLTH 200,Health Principles [Sec B],3,K. Oheneba Nti,Baobab RM3,Monday,2:00 PM - 4:30 PM,100,1,2:00 PM
AFST 205,Introduction to African Music [Sec A],1,E. Boahen,American High,Tuesday,2:00 PM - 4:30 PM,200,1,2:00 PM
AFST 205,Introduction to African Music [Sec B],1,E. Boahen,Boabab RM5,Monday,10:00 AM - 12:30 PM,200,2,10:00 AM
AFST 243,Chieftaincy and Development [Sec B],1,F. Opoku,Baobab RM2,Thursday,10:00 AM - 12:30 PM,200,1,10:00 AM
AFST 243,Chieftaincy and Development [Sec A],1,F. Opoku,Baobab RM5,Friday,10:00 AM - 12:30 PM,200,2,10:00 AM
FREN 121,French for General Communication I [Sec A],2,J. Elorm Doufodji,Bulley Room 1,Friday,7:00 AM - 9:30 AM,100,1,7:00 AM
FREN 121,French for General Communication I [Sec B],2,J. Elorm Doufodji,Bulley Room 2,Wednesday,2:00 PM - 4:30 PM,100,1,2:00 PM
FREN 122,French for General Communication II [Sec A],2,J. Rhule,Bulley Room 4,Friday,10:00 AM - 12:30 PM,200,1,10:00 AM
FREN 122,French for General Communication II [Sec B],2,J. Rhule,Baobab RM2,Thursday,7:00 AM - 9:30 AM,200,1,7:00 AM
PSYC 105,Introduction to Psychology [Sec A],3,Akua K. Amponsah,Baobab RM5,Tuesday,10:00 AM - 12:30 PM,100,2,10:00 AM
SOCI 115,Principles of Sociology [Sec A],3,Dr. D. Dovie,multipurpose hall,Monday,7:00 AM - 9:30 AM,100,2,7:00 AM
RELG 451,Bible and Family Dynamics [Sec B],3,Dr. J. Andor,multipurpose hall,Tuesday,7:00 AM - 9:30 AM,400,2,7:00 AM
RELG 451,Bible and Family Dynamics [Sec A],3,Dr. S. Amoh,Baoaba RM5,Monday,2:00 PM - 4:30 PM,400,1,2:00 PM
MATH 121,College Algebra [Sec A],3,O. Osei-Tutu,Baobab RM3,Wednesday,7:00 AM - 9:30 AM,100,2,7:00 AM
COSC 117,Fundamentals of Computing Skills [Sec B],3.0,G. Preprah Tanoah,CS3,Wednesday,7:00 AM - 9:30 AM,100,1,7:00 AM
BBIS 213,IT for Business (MOS) [Sec A],3.0,G. Preprah Tanoah,CS LAB,Wednesday,2:00 PM - 4:30 PM,200,1,2:00 PM
COSC 117,Fundamentals of Computing Skills [Sec A],3.0,G. Preprah Tanoah,CS LAB,Thursday,10:00 AM - 12:30 PM,100,2,10:00 AM
BBIS 260,Web and Social Management Tools [Sec A],3.0,G. Preprah Tanoah,American High,Tuesday,7:00 AM - 9:30 AM,200,2,7:00 AM
CSCD 119,Introduction to Computer Science [Sec A],3.0,Prof. P. Yaw Owusu Amoako,CS LAB,Monday,10:00 AM - 12:30 PM,100,1,10:00 AM
COSC 224,Object-Oriented Programming [Sec A],3.0,Prof. P. Yaw Owusu Amoako,CS2,Monday,7:00 AM - 9:30 AM,200,1,7:00 AM
COCS 364 / INFT 364,Research Methods [Sec A],3.0,Prof. P. Yaw Owusu Amoako,CS2,Monday,2:00 PM - 4:30 PM,300,1,2:00 PM
COSC 480,Compiler Design [Sec A],3.0,Prof. P. Yaw Owusu Amoako,CS1,Tuesday,2:00 PM - 4:30 PM,400,1,2:00 PM
COSC 272 / INFT 372,Data Communication & Computer Network II [Sec A] / Network Project Management,3.0,E. Okoe,CS3,Monday,7:00 AM - 9:30 AM,200,2,7:00 AM
COSC 130,Digital Electronics [Sec A],3.0,E. Okoe,GEN. LAB,Friday,10:00 AM - 12:30 PM,100,1,10:00 AM
COSC 124,Procedural Programming [Sec A],3.0,E. Okoe,CS3,Monday,10:00 AM - 12:30 PM,100,2,10:00 AM
INFT 281 / COSC 280 / BBIS 110,Management Information Systems [Sec A] / Information Systems [Sec A] / Introduction to Business Information Systems [Sec A],3.0,R. W. Ambeh-Doh,CS LAB,Tuesday,7:00 AM - 9:30 AM,200,1,7:00 AM
BBIS 338,Enterprise Systems [Sec A],3.0,R. W. Ambeh-Doh,CS2,Wednesday,7:00 AM - 9:30 AM,300,1,7:00 AM
INFT 115,Information Technology Foundation [Sec A],3.0,R. W. Ambeh-Doh,GEN. LAB,Monday,10:00 AM - 12:30 PM,100,1,10:00 AM
INFT 480 / BBIS 304,Data Warehousing [Sec A] / Business Intelligence and Dataware Housing [Sec A],3.0,S. Ganu,CS3,Thursday,7:00 AM - 9:30 AM,400,2,7:00 AM
BBIS 488,Decision Support Systems [Sec A],3.0,S. Ganu,CS2,Thursday,2:00 PM - 4:30 PM,400,2,2:00 PM
COSC 240 / INFT 346,Systems Programming {Sec A] / DotNet Programming [Sec A],3.0,S. Ganu,CS1,Friday,7:00 AM - 9:30 AM,200,1,7:00 AM
INFT 410,Internet-Enabled Applications Systems Development,3.0,S. Sebuabe,American High,Monday,10:00 AM - 12:30 PM,400,1,10:00 AM
INFT 340,Computer Vision: Concepts and Application [Sec A],3.0,S. Sebuabe,CS3,Wednesday,10:00 AM - 12:30 PM,300,2,10:00 AM
COSC 250 / BBIS 203,Computer Ethics [Sec A] / IT Professional Ethics and Practice [Sec A],3.0,S. Sebuabe,American High,Monday,2:00 PM - 4:30 PM,200,1,2:00 PM
COSC 470,/ INFT 470 Computer & Cyber Forensics,3.0,M. Asare,American High,Tuesday,2:00 PM - 4:30 PM,400,1,2:00 PM
INFT 446,Systems and Network Administration [Sec A],3.0,M. Asare,GEN. LAB,Thursday,7:00 AM - 9:30 AM,400,2,7:00 AM
INFT 459 / COSC 352,Enterprise Information Security [Sec A] / Computer Security [Sec A],3.0,M. Doe,CS3,Thursday,2:00 PM - 4:30 PM,400,1,2:00 PM
INFT 420,Computer-Human Interaction [Sec A],3.0,M. Doe,CS LAB,Monday,2:00 PM - 4:30 PM,400,2,2:00 PM
BBIS 226,Business Process Modeling and Workflow [Sec A],3.0,Prof. W. Ofoe Larkotey,CS1,Friday,10:00 AM - 12:30 PM,200,1,10:00 AM
BBIS 432,IS Consultancy Practices Solution Develop [Sec A],3.0,Prof. W. Ofoe Larkotey,CS2,Thursday,7:00 AM - 9:30 AM,400,2,7:00 AM
COSC 346 / INFT 346,Software Engineering [Sec A] / Software Development Life Cycle [Sec A],3.0,R. Amponsah,CS LAB,Tuesday,10:00 AM - 12:30 PM,300,1,10:00 AM
COSC 113,Elements of Programming [Sec A],3.0,R. Amponsah,GEN. LAB,Monday,7:00 AM - 9:30 AM,100,1,7:00 AM
COSC 370 / INFT 370,Operations Research [Sec A] / Management Science [Sec A],3.0,Dr. A. Adu-Sackey,CS LAB,Monday,7:00 AM - 9:30 AM,300,1,7:00 AM
ENGL 111,Language and Writing Skills I [Sec B],2,Dr. S. Adjei-Mensah,Boabab RM5,Tuesday,10:00 AM - 12:30 PM,100,2,10:00 AM,30,30
ENGL 111,Language and Writing Skills I [Sec D] (SONM),2,Dr. S. Adjei-Mensah,Bulley Room 4,Tuesday,5:00 PM - 6:00 PM,100,2,5:00 PM,30,30
ENGL 111,Language and Writing Skills I [Sec C] (SONM),2,Dr. S. Adjei-Mensah,Bulley Room 3,Wednesday,2:00 PM - 4:30 PM,100,2,2:00 PM,30,30
PSYC 105,Introduction to Psychology [Sec A],3,Akua K. Amponsah,Baobab RM3,Thursday,2:00 PM - 4:30 PM,100,2,2:00 PM,30,30
SOCI 115,Principles of Sociology [Sec A],3,Dr. D. Dovie,Bulley Room 4,Friday,7:00 AM - 9:30 AM,100,2,7:00 AM,30,30
RELG 451,Bible and Family Dynamics [Sec B],3,Dr. J. Andor,Baobab RM3,Monday,7:00 AM - 9:30 AM,400,2,7:00 AM,30,30
CMME 115,Introduction to Communication Skills [Sec A],2,Dr. A. Oye,Baobab RM3,Wednesday,5:00 PM - 6:00 PM,100,2,5:00 PM,30,30
CMME 115,Introduction to Communication Skills [Sec B](SONM),2,Dr. A. Oye,Bulley Room 2,Wednesday,10:00 AM - 12:30 PM,100,2,10:00 AM,30,30
AFST 205,Introduction to African Music [Sec B],1,E. Boahen,American High,Wednesday,2:00 PM - 4:30 PM,200,2,2:00 PM,20,20
AFST 243,Chieftaincy and Development [Sec A],1,F. Opoku,Bulley Room 2,Wednesday,7:00 AM - 9:30 AM,200,2,7:00 AM,20,20
GNED 125,Study Skills [Sec B] (SONM),NC,Ama O. Karikari,multipurpose hall,Thursday,7:00 AM - 9:30 AM,100,2,7:00 AM,30,30
GNED 125,Study Skills [Sec A],NC,Ama O. Karikari,Bulley Room 1,Thursday,5:00 PM - 6:00 PM,100,2,5:00 PM,30,30
MATH 121,College Algebra [Sec A],3,O. Osei-Tutu,Bulley Room 2,Monday,5:00 PM - 6:00 PM,100,2,5:00 PM,30,30
HLTH 200,Health Principles [Sec A],3,K. Oheneba Nti,Bulley Room 2,Monday,2:00 PM - 4:30 PM,100,2,2:00 PM,30,30
ENGL 112,Language and Writing Skills II [Sec B] (FOS & SOB),2,C. Pokuaa,Bulley Room 3,Wednesday,7:00 AM - 9:30 AM,100,2,7:00 AM,30,30
FREN 122,French for General Communication II [Sec A],2,J. Rhule,multipurpose hall,Monday,10:00 AM - 12:30 PM,200,1,10:00 AM,30,30
FREN 122,French for General Communication II [Sec B],2,J. Rhule,Bulley Room 2,Wednesday,7:00 AM - 9:30 AM,200,1,7:00 AM,30,30
ENGL 111,Language and Writing Skills I [Sec A],2,Dr. S. Adjei-Mensah,Baobab RM1,Wednesday,7:00 AM - 9:30 AM,100,1,7:00 AM,30,30
RELG 451,Bible and Family Dynamics [Sec A],3,Dr. S. Amoh,Bulley Room 5,Tuesday,10:00 AM - 12:30 PM,400,1,10:00 AM,30,30
AFST 205,Introduction to African Music [Sec A],1,E. Boahen,Bulley Room 1,Friday,10:00 AM - 12:30 PM,200,1,10:00 AM,20,20
AFST 243,Chieftaincy and Development [Sec B],1,F. Opoku,Baoaba RM5,Wednesday,10:00 AM - 12:30 PM,200,1,10:00 AM,20,20
FREN 121,French for General Communication I [Sec A],2,J. Elorm Doufodji,Baobab RM6,Monday,2:00 PM - 4:30 PM,100,1,2:00 PM,30,30
FREN 121,French for General Communication I [Sec B],2,J. Elorm Doufodji,Baobab RM4,Thursday,2:00 PM - 4:30 PM,100,1,2:00 PM,30,30
PEAC 100,Physical Activity [Sec A],NC,K. Oheneba Nti,B. Ball Court,Monday,5:00 PM - 6:00 PM,100,1,5:00 PM,25,25
HLTH 200,Health Principles [Sec B],3,K. Oheneba Nti,Baoaba RM5,Friday,10:00 AM - 12:30 PM,100,1,10:00 AM,30,30
GNED 230,Career Exploration and Planning [Sec A],NC,Ama O. Karikari,multipurpose hall,Wednesday,5:00 PM - 6:00 PM,200,1,5:00 PM,30,30
GNED 468,Job Search Strategies and Techniques [Sec B],NC,Ama O. Karikari,Baobab RM4,Monday,5:00 PM - 6:00 PM,400,1,5:00 PM,30,30
ENGL 112,Language and Writing Skills II [Sec A] (SONM),2,C. Pokuaa,Baobab RM3,Thursday,7:00 AM - 9:30 AM,100,1,7:00 AM,30,30
ENGL 112,Language and Writing Skills II [Sec C] (SOE & FASS),2,C. Pokuaa,Baobab RM6,Monday,10:00 AM - 12:30 PM,100,1,10:00 AM,30,30
CMME 115,Introduction to Communication Skills [Sec C],2,Dr. A. Oye,Baobab RM1,Wednesday,10:00 AM - 12:30 PM,100,1,10:00 AM,30,30
ENGL 111,Language and Writing Skills I [Sec B],2,Dr. S. Adjei-Mensah,Baobab RM4,Wednesday,2:00 PM - 4:30 PM,100,2,2:00 PM,30,30
ENGL 111,Language and Writing Skills I [Sec D] (SONM),2,Dr. S. Adjei-Mensah,multipurpose hall,Wednesday,10:00 AM - 12:30 PM,100,2,10:00 AM,30,30
ENGL 111,Language and Writing Skills I [Sec C] (SONM),2,Dr. S. Adjei-Mensah,Bulley Room 3,Tuesday,10:00 AM - 12:30 PM,100,2,10:00 AM,30,30
PSYC 105,Introduction to Psychology [Sec A],3,Akua K. Amponsah,Bulley Room 4,Thursday,10:00 AM - 12:30 PM,100,2,10:00 AM,30,30
SOCI 115,Principles of Sociology [Sec A],3,Dr. D. Dovie,Baobab RM5,Friday,10:00 AM - 12:30 PM,100,2,10:00 AM,30,30
RELB 163,Life and Teachings of Jesus [Sec A],3,Dr. F. Tenortey,Baobab RM2,Monday,7:00 AM - 9:30 AM,100,2,7:00 AM,30,30
RELB 163,Life and Teachings of Jesus [Sec B],3,Dr. F. Tenortey,American High,Monday,10:00 AM - 12:30 PM,100,2,10:00 AM,30,30
RELG 451,Bible and Family Dynamics [Sec B],3,Dr. J. Andor,Baobab RM6,Monday,10:00 AM - 12:30 PM,400,2,10:00 AM,30,30
CMME 115,Introduction to Communication Skills [Sec A],2,Dr. A. Oye,Baobab RM2,Monday,2:00 PM - 4:30 PM,100,2,2:00 PM,30,30
CMME 115,Introduction to Communication Skills [Sec B](SONM),2,Dr. A. Oye,Baobab RM6,Wednesday,7:00 AM - 9:30 AM,100,2,7:00 AM,30,30
AFST 205,Introduction to African Music [Sec B],1,E. Boahen,Baobab RM3,Wednesday,5:00 PM - 6:00 PM,200,2,5:00 PM,20,20
AFST 243,Chieftaincy and Development [Sec A],1,F. Opoku,Bulley Room 5,Wednesday,2:00 PM - 4:30 PM,200,2,2:00 PM,20,20
GNED 125,Study Skills [Sec B] (SONM),NC,Ama O. Karikari,American High,Thursday,7:00 AM - 9:30 AM,100,2,7:00 AM,30,30
GNED 125,Study Skills [Sec A],NC,Ama O. Karikari,Bulley Room 3,Thursday,5:00 PM - 6:00 PM,100,2,5:00 PM,30,30
MATH 121,College Algebra [Sec A],3,O. Osei-Tutu,Bulley Room 2,Thursday,2:00 PM - 4:30 PM,100,2,2:00 PM,30,30
HLTH 200,Health Principles [Sec A],3,K. Oheneba Nti,Bulley Room 1,Tuesday,7:00 AM - 9:30 AM,100,2,7:00 AM,30,30
ENGL 112,Language and Writing Skills II [Sec B] (FOS & SOB),2,C. Pokuaa,Bulley Room 1,Tuesday,2:00 PM - 4:30 PM,100,2,2:00 PM,30,30
RELT 385,Introduction to Biblical Foundation of Ethics [Sec B],3,Ps. I. Kyere,American High,Wednesday,2:00 PM - 4:30 PM,300,2,2:00 PM,30,30
FREN 122,French for General Communication II [Sec A],2,J. Rhule,Baobab RM5,Wednesday,10:00 AM - 12:30 PM,200,1,10:00 AM,30,30
FREN 122,French for General Communication II [Sec B],2,J. Rhule,Bulley Room 5,Wednesday,5:00 PM - 6:00 PM,200,1,5:00 PM,30,30
RELB 250,Principles of Christian Faith [Sec A],3,Ps. E. Osei,Baoaba RM5,Tuesday,10:00 AM - 12:30 PM,200,1,10:00 AM,30,30
RELB 163,Life and Teachings of Jesus [Sec C] (SONM),3,Dr. F. Tenortey,American High,Monday,7:00 AM - 9:30 AM,100,1,7:00 AM,30,30
ENGL 111,Language and Writing Skills I [Sec A],2,Dr. S. Adjei-Mensah,American High,Wednesday,10:00 AM - 12:30 PM,100,1,10:00 AM,30,30
RELG 451,Bible and Family Dynamics [Sec A],3,Dr. S. Amoh,Baobab RM4,Thursday,10:00 AM - 12:30 PM,400,1,10:00 AM,30,30
AFST 205,Introduction to African Music [Sec A],1,E. Boahen,Bulley Room 5,Friday,7:00 AM - 9:30 AM,200,1,7:00 AM,20,20
AFST 243,Chieftaincy and Development [Sec B],1,F. Opoku,Baobab RM5,Monday,7:00 AM - 9:30 AM,200,1,7:00 AM,20,20
FREN 121,French for General Communication I [Sec A],2,J. Elorm Doufodji,Baobab RM3,Tuesday,10:00 AM - 12:30 PM,100,1,10:00 AM,30,30
FREN 121,French for General Communication I [Sec B],2,J. Elorm Doufodji,Baobab RM6,Tuesday,7:00 AM - 9:30 AM,100,1,7:00 AM,30,30
PEAC 100,Physical Activity [Sec A],NC,K. Oheneba Nti,B. Ball Court,Monday,5:00 PM - 6:00 PM,100,1,5:00 PM,25,25
HLTH 200,Health Principles [Sec B],3,K. Oheneba Nti,Baobab RM3,Monday,10:00 AM - 12:30 PM,100,1,10:00 AM,30,30
GNED 230,Career Exploration and Planning [Sec A],NC,Ama O. Karikari,Bulley Room 4,Thursday,10:00 AM - 12:30 PM,200,1,10:00 AM,30,30
GNED 468,Job Search Strategies and Techniques [Sec B],NC,Ama O. Karikari,Bulley Room 2,Friday,10:00 AM - 12:30 PM,400,1,10:00 AM,30,30
ENGL 112,Language and Writing Skills II [Sec A] (SONM),2,C. Pokuaa,American High,Monday,2:00 PM - 4:30 PM,100,1,2:00 PM,30,30
ENGL 112,Language and Writing Skills II [Sec C] (SOE & FASS),2,C. Pokuaa,Bulley Room 1,Friday,7:00 AM - 9:30 AM,100,1,7:00 AM,30,30
CMME 115,Introduction to Communication Skills [Sec C],2,Dr. A. Oye,Baobab RM3,Friday,10:00 AM - 12:30 PM,100,1,10:00 AM,30,30
RELT 385,Introduction to Biblical Foundation of Ethics [Sec A],3,Ps. E. Takyi,Baobab RM2,Tuesday,5:00 PM - 6:00 PM,300,1,5:00 PM,30,30
RELB 250,Principles of Christian Faith [Sec B],3,Ps. P. Obeng Manu,Baobab RM4,Tuesday,7:00 AM - 9:30 AM,200,1,7:00 AM,30,30
ENGL 111,Language and Writing Skills I [Sec B],2,Dr. S. Adjei-Mensah,Baobab RM3,Tuesday,2:00 PM - 4:30 PM,100,2,2:00 PM,30,30
ENGL 111,Language and Writing Skills I [Sec D] (SONM),2,Dr. S. Adjei-Mensah,Bulley Room 4,Wednesday,7:00 AM - 9:30 AM,100,2,7:00 AM,30,30
ENGL 111,Language and Writing Skills I [Sec C] (SONM),2,Dr. S. Adjei-Mensah,Baobab RM1,Wednesday,2:00 PM - 4:30 PM,100,2,2:00 PM,30,30
PSYC 105,Introduction to Psychology [Sec A],3,Akua K. Amponsah,multipurpose hall,Thursday,7:00 AM - 9:30 AM,100,2,7:00 AM,30,30
SOCI 115,Principles of Sociology [Sec A],3,Dr. D. Dovie,Bulley Room 2,Friday,7:00 AM - 9:30 AM,100,2,7:00 AM,30,30
RELB 163,Life and Teachings of Jesus [Sec A],3,Dr. F. Tenortey,Baobab RM2,Monday,10:00 AM - 12:30 PM,100,2,10:00 AM,30,30
RELB 163,Life and Teachings of Jesus [Sec B],3,Dr. F. Tenortey,Baobab RM1,Monday,7:00 AM - 9:30 AM,100,2,7:00 AM,30,30
RELG 451,Bible and Family Dynamics [Sec B],3,Dr. J. Andor,Bulley Room 3,Monday,2:00 PM - 4:30 PM,400,2,2:00 PM,30,30
CMME 115,Introduction to Communication Skills [Sec A],2,Dr. A. Oye,Baobab RM1,Wednesday,10:00 AM - 12:30 PM,100,2,10:00 AM,30,30
CMME 115,Introduction to Communication Skills [Sec B](SONM),2,Dr. A. Oye,Bulley Room 1,Friday,10:00 AM - 12:30 PM,100,2,10:00 AM,30,30
AFST 205,Introduction to African Music [Sec B],1,E. Boahen,Bulley Room 5,Wednesday,2:00 PM - 4:30 PM,200,2,2:00 PM,20,20
AFST 243,Chieftaincy and Development [Sec A],1,F. Opoku,Baobab RM4,Wednesday,10:00 AM - 12:30 PM,200,2,10:00 AM,20,20
GNED 125,Study Skills [Sec B] (SONM),NC,Ama O. Karikari,Bulley Room 3,Thursday,10:00 AM - 12:30 PM,100,2,10:00 AM,30,30
GNED 125,Study Skills [Sec A],NC,Ama O. Karikari,American High,Tuesday,5:00 PM - 6:00 PM,100,2,5:00 PM,30,30
MATH 121,College Algebra [Sec A],3,O. Osei-Tutu,American High,Tuesday,10:00 AM - 12:30 PM,100,2,10:00 AM,30,30
HLTH 200,Health Principles [Sec A],3,K. Oheneba Nti,multipurpose hall,Tuesday,7:00 AM - 9:30 AM,100,2,7:00 AM,30,30
ENGL 112,Language and Writing Skills II [Sec B] (FOS & SOB),2,C. Pokuaa,Bulley Room 4,Monday,2:00 PM - 4:30 PM,100,2,2:00 PM,30,30
RELT 385,Introduction to Biblical Foundation of Ethics [Sec B],3,Ps. I. Kyere,Baobab RM4,Monday,7:00 AM - 9:30 AM,300,2,7:00 AM,30,30
FREN 122,French for General Communication II [Sec A],2,J. Rhule,Bulley Room 1,Monday,10:00 AM - 12:30 PM,200,1,10:00 AM,30,30
FREN 122,French for General Communication II [Sec B],2,J. Rhule,American High,Monday,7:00 AM - 9:30 AM,200,1,7:00 AM,30,30
RELB 250,Principles of Christian Faith [Sec A],3,Ps. E. Osei,Baobab RM4,Tuesday,2:00 PM - 4:30 PM,200,1,2:00 PM,30,30
RELB 163,Life and Teachings of Jesus [Sec C] (SONM),3,Dr. F. Tenortey,multipurpose hall,Wednesday,10:00 AM - 12:30 PM,100,1,10:00 AM,30,30
ENGL 111,Language and Writing Skills I [Sec A],2,Dr. S. Adjei-Mensah,American High,Tuesday,7:00 AM - 9:30 AM,100,1,7:00 AM,30,30
RELG 451,Bible and Family Dynamics [Sec A],3,Dr. S. Amoh,Baobab RM2,Thursday,10:00 AM - 12:30 PM,400,1,10:00 AM,30,30
AFST 205,Introduction to African Music [Sec A],1,E. Boahen,Baobab RM6,Friday,10:00 AM - 12:30 PM,200,1,10:00 AM,20,20
AFST 243,Chieftaincy and Development [Sec B],1,F. Opoku,Bulley Room 3,Monday,2:00 PM - 4:30 PM,200,1,2:00 PM,20,20
FREN 121,French for General Communication I [Sec A],2,J. Elorm Doufodji,Baobab RM3,Friday,7:00 AM - 9:30 AM,100,1,7:00 AM,30,30
FREN 121,French for General Communication I [Sec B],2,J. Elorm Doufodji,Bulley Room 2,Monday,10:00 AM - 12:30 PM,100,1,10:00 AM,30,30
PEAC 100,Physical Activity [Sec A],NC,K. Oheneba Nti,B. Ball Court,Monday,5:00 PM - 6:00 PM,100,1,5:00 PM,25,25
HLTH 200,Health Principles [Sec B],3,K. Oheneba Nti,Baoaba RM5,Wednesday,2:00 PM - 4:30 PM,100,1,2:00 PM,30,30
GNED 230,Career Exploration and Planning [Sec A],NC,Ama O. Karikari,multipurpose hall,Tuesday,5:00 PM - 6:00 PM,200,1,5:00 PM,30,30
GNED 468,Job Search Strategies and Techniques [Sec B],NC,Ama O. Karikari,Baobab RM2,Monday,2:00 PM - 4:30 PM,400,1,2:00 PM,30,30
ENGL 112,Language and Writing Skills II [Sec A] (SONM),2,C. Pokuaa,Bulley Room 2,Wednesday,7:00 AM - 9:30 AM,100,1,7:00 AM,30,30
ENGL 112,Language and Writing Skills II [Sec C] (SOE & FASS),2,C. Pokuaa,Bulley Room 2,Thursday,2:00 PM - 4:30 PM,100,1,2:00 PM,30,30
CMME 115,Introduction to Communication Skills [Sec C],2,Dr. A. Oye,multipurpose hall,Friday,10:00 AM - 12:30 PM,100,1,10:00 AM,30,30
RELT 385,Introduction to Biblical Foundation of Ethics [Sec A],3,Ps. E. Takyi,American High,Wednesday,2:00 PM - 4:30 PM,300,1,2:00 PM,30,30
RELB 250,Principles of Christian Faith [Sec B],3,Ps. P. Obeng Manu,Bulley Room 4,Wednesday,10:00 AM - 12:30 PM,200,1,10:00 AM,30,30
PSYC 105,Introduction to Psychology [Sec A],3,Akua K. Amponsah,Baobab RM1,Tuesday,2:00 PM - 4:30 PM,100,2,2:00 PM,30,30
GNED 230,Career Exploration and Planning [Sec A],NC,Ama O. Karikari,Baobab RM4,Thursday,7:00 AM - 9:30 AM,200,1,7:00 AM,30,30
GNED 468,Job Search Strategies and Techniques [Sec B],NC,Ama O. Karikari,Baobab RM6,Monday,7:00 AM - 9:30 AM,400,1,7:00 AM,30,30
GNED 125,Study Skills [Sec B] (SONM),NC,Ama O. Karikari,Boabab RM5,Wednesday,2:00 PM - 4:30 PM,100,2,2:00 PM,30,30
GNED 125,Study Skills [Sec A],NC,Ama O. Karikari,Bulley Room 1,Thursday,5:00 PM - 6:00 PM,100,2,5:00 PM,30,30
ENGL 112,Language and Writing Skills II [Sec B] (FOS & SOB),2,C. Pokuaa,Baobab RM6,Thursday,7:00 AM - 9:30 AM,100,2,7:00 AM,30,30
ENGL 112,Language and Writing Skills II [Sec A] (SONM),2,C. Pokuaa,Bulley Room 1,Wednesday,7:00 AM - 9:30 AM,100,1,7:00 AM,30,30
ENGL 112,Language and Writing Skills II [Sec C] (SOE & FASS),2,C. Pokuaa,Bulley Room 5,Tuesday,10:00 AM - 12:30 PM,100,1,10:00 AM,30,30
CMME 115,Introduction to Communication Skills [Sec A],2,Dr. A. Oye,Baobab RM1,Monday,7:00 AM - 9:30 AM,100,2,7:00 AM,30,30
CMME 115,Introduction to Communication Skills [Sec C],2,Dr. A. Oye,Baobab RM6,Wednesday,2:00 PM - 4:30 PM,100,1,2:00 PM,30,30
CMME 115,Introduction to Communication Skills [Sec B](SONM),2,Dr. A. Oye,Baobab RM1,Thursday,7:00 AM - 9:30 AM,100,2,7:00 AM,30,30
SOCI 115,Principles of Sociology [Sec A],3,Dr. D. Dovie,multipurpose hall,Thursday,7:00 AM - 9:30 AM,100,2,7:00 AM,30,30
RELB 163,Life and Teachings of Jesus [Sec A],3,Dr. F. Tenortey,multipurpose hall,Thursday,7:00 AM - 9:30 AM,100,2,7:00 AM,30,30
RELB 163,Life and Teachings of Jesus [Sec C] (SONM),3,Dr. F. Tenortey,Baobab RM6,Wednesday,2:00 PM - 4:30 PM,100,1,2:00 PM,30,30
RELB 163,Life and Teachings of Jesus [Sec B],3,Dr. F. Tenortey,Bulley Room 5,Monday,10:00 AM - 12:30 PM,100,2,10:00 AM,30,30
RELG 451,Bible and Family Dynamics [Sec B],3,Dr. J. Andor,Baobab RM2,Thursday,10:00 AM - 12:30 PM,400,2,10:00 AM,30,30
ENGL 111,Language and Writing Skills I [Sec B],2,Dr. S. Adjei-Mensah,Boabab RM5,Monday,7:00 AM - 9:30 AM,100,2,7:00 AM,30,30
ENGL 111,Language and Writing Skills I [Sec D] (SONM),2,Dr. S. Adjei-Mensah,Baobab RM6,Monday,2:00 PM - 4:30 PM,100,2,2:00 PM,30,30
ENGL 111,Language and Writing Skills I [Sec A],2,Dr. S. Adjei-Mensah,Boabab RM5,Wednesday,7:00 AM - 9:30 AM,100,1,7:00 AM,30,30
ENGL 111,Language and Writing Skills I [Sec C] (SONM),2,Dr. S. Adjei-Mensah,Baobab RM5,Tuesday,10:00 AM - 12:30 PM,100,2,10:00 AM,30,30
RELG 451,Bible and Family Dynamics [Sec A],3,Dr. S. Amoh,Baobab RM5,Friday,10:00 AM - 12:30 PM,400,1,10:00 AM,30,30
AFST 205,Introduction to African Music [Sec A],1,E. Boahen,Bulley Room 2,Tuesday,10:00 AM - 12:30 PM,200,1,10:00 AM,20,20
AFST 205,Introduction to African Music [Sec B],1,E. Boahen,Baoaba RM5,Monday,2:00 PM - 4:30 PM,200,2,2:00 PM,20,20
AFST 243,Chieftaincy and Development [Sec B],1,F. Opoku,Baobab RM2,Thursday,2:00 PM - 4:30 PM,200,1,2:00 PM,20,20
AFST 243,Chieftaincy and Development [Sec A],1,F. Opoku,multipurpose hall,Wednesday,5:00 PM - 6:00 PM,200,2,5:00 PM,20,20
FREN 121,French for General Communication I [Sec A],2,J. Elorm Doufodji,multipurpose hall,Monday,10:00 AM - 12:30 PM,100,1,10:00 AM,30,30
FREN 121,French for General Communication I [Sec B],2,J. Elorm Doufodji,Bulley Room 5,Monday,2:00 PM - 4:30 PM,100,1,2:00 PM,30,30
FREN 122,French for General Communication II [Sec A],2,J. Rhule,Baobab RM3,Wednesday,10:00 AM - 12:30 PM,200,1,10:00 AM,30,30
FREN 122,French for General Communication II [Sec B],2,J. Rhule,Baobab RM5,Monday,2:00 PM - 4:30 PM,200,1,2:00 PM,30,30
PEAC 100,Physical Activity [Sec A],NC,K. Oheneba Nti,B. Ball Court,Monday,5:00 PM - 6:00 PM,100,1,5:00 PM,25,25
HLTH 200,Health Principles [Sec A],3,K. Oheneba Nti,American High,Friday,7:00 AM - 9:30 AM,100,2,7:00 AM,30,30
HLTH 200,Health Principles [Sec B],3,K. Oheneba Nti,American High,Thursday,2:00 PM - 4:30 PM,100,1,2:00 PM,30,30
MATH 121,College Algebra [Sec A],3,O. Osei-Tutu,Baobab RM2,Wednesday,7:00 AM - 9:30 AM,100,2,7:00 AM,30,30
RELB 250,Principles of Christian Faith [Sec A],3,Ps. E. Osei,Baobab RM6,Thursday,2:00 PM - 4:30 PM,200,1,2:00 PM,30,30
RELT 385,Introduction to Biblical Foundation of Ethics [Sec A],3,Ps. E. Takyi,Bulley Room 2,Monday,2:00 PM - 4:30 PM,300,1,2:00 PM,30,30
RELT 385,Introduction to Biblical Foundation of Ethics [Sec B],3,Ps. I. Kyere,American High,Monday,7:00 AM - 9:30 AM,300,2,7:00 AM,30,30
RELB 250,Principles of Christian Faith [Sec B],3,Ps. P. Obeng Manu,American High,Thursday,7:00 AM - 9:30 AM,200,1,7:00 AM,30,30
